 timestamp,red,green,ir
13172,153550,37579,184962
13182,153604,37584,184960
13192,153663,37580,185019
13203,153789,37609,185059
13212,153896,37604,185142
13222,153991,37586,185203
13232,153990,37600,185153
13242,153937,37582,185070
13252,153784,37578,184969
14168,153577,37705,184840
14177,153431,37704,184774
14240,153310,37680,184772
14300,153193,37641,184699
14626,153100,37682,184812
14680,153062,37688,184722
14832,152998,37719,184671
14836,152998,37713,184669
14900,153020,37748,184675
14903,153034,37735,184691
15048,153013,37774,184716
15056,153018,37785,184717
15187,152944,37761,184633
15506,152976,37742,184640
15559,152971,37753,184672
15562,152985,37756,184685
15641,152998,37764,184682
15656,152992,37784,184709
15676,153015,37788,184699
15721,153041,37803,184749
15868,153092,37841,184813
15944,153130,37876,184863
16043,153161,37910,184890
16045,153155,37923,184881
16079,153167,37918,184912
16081,153177,37926,184935
16096,153163,37971,184898
16160,153239,37899,185009
16162,153263,37912,185019
16169,153246,37892,184992
16196,153262,37901,185022
16217,153283,37898,185040
16483,153267,37916,185014
16540,153246,37938,184987
16557,153241,37920,184987
16560,153262,37935,184975
16597,153252,37946,184966
16617,153216,37957,184960
16620,153236,37942,184962
16741,153226,37980,184938
16781,153211,37995,184916
16900,153193,38010,184903
17029,153203,38042,184904
17080,153248,38056,184942
17637,153187,38033,184848
17680,153179,38036,184808
19132,154336,38163,185070
19222,154378,38150,185032
19559,154584,38228,185324
19578,154585,38197,185270
19580,154593,38217,185282
19640,154643,38200,185391
19642,154642,38204,185424
19811,154936,38263,185965
19837,154950,38275,185940
19840,155000,38273,185991
19958,154965,38301,185744
20020,154824,38266,185497
20022,154814,38255,185452
20026,154799,38212,185398
20258,154779,38078,185116
20260,154781,38092,185107
20278,154769,38075,185083
20287,154759,38066,185071
20317,154754,38063,185043
20319,154761,38063,185043
20326,154754,38061,185028
20336,154745,38058,185019
20346,154747,38073,184997
20356,154740,38067,184967
20377,154733,38049,184978
20386,154740,38046,184958
20396,154729,38036,184937
20406,154729,38044,184921
20459,154709,38037,184890
20466,154718,38033,184885
20477,154701,38038,184888
20539,154736,38015,184907
20541,154734,38017,184887
20546,154721,38038,184889
20556,154746,38030,184882
20566,154739,38013,184891
20577,154756,38012,184888
20684,154728,38020,184832
20686,154731,38011,184830
20696,154726,38034,184828
20715,154729,38025,184848
20717,154720,38030,184839
20725,154723,38020,184827
20756,154719,38017,184823
20758,154723,38029,184808
20766,154735,38022,184824
20796,154737,38035,184805
20818,154738,38044,184811
20826,154741,38023,184825
20836,154736,38037,184837
20857,154730,38049,184817
20866,154742,38043,184801
20875,154716,38039,184803
20885,154725,38028,184804
20895,154736,38045,184754
21027,154726,37994,184760
21081,154704,37944,184711
21086,154720,37942,184692
21096,154680,37949,184649
21115,154698,37942,184667
21118,154706,37917,184662
21125,154683,37921,184659
21156,154694,37913,184648
21159,154692,37909,184633
21166,154688,37896,184639
21197,154681,37885,184601
21246,154668,37864,184575
21256,154668,37891,184572
21265,154686,37864,184574
21275,154687,37874,184577
21285,154690,37865,184558
21295,154695,37854,184579
21305,154694,37844,184561
21316,154701,37851,184567
21337,154700,37860,184554
21345,154674,37857,184573
21356,154682,37844,184544
21376,154670,37853,184543
21385,154684,37836,184531
21396,154656,37851,184526
21405,154674,37847,184518
21416,154686,37848,184523
21465,154666,37850,184495
21475,154683,37852,184495
21583,154686,37851,184484
21586,154686,37863,184485
21596,154681,37853,184469
21605,154664,37857,184484
21616,154678,37841,184457
21736,154670,37869,184464
21738,154687,37870,184474
21746,154670,37888,184474
21888,154722,37903,184526
21897,154743,37920,184566
21905,154754,37907,184560
21916,154746,37913,184544
21925,154761,37906,184547
21935,154772,37899,184553
21985,154779,37878,184572
22083,154777,37809,184572
22097,154745,37857,184524
22145,154791,37796,184564
22155,154780,37797,184546
22165,154779,37798,184516
22175,154785,37807,184546
22518,154828,37831,184614
22559,154827,37835,184624
22564,154822,37838,184629
22574,154844,37838,184636
22695,154829,37859,184630
22782,154832,37873,184660
22840,154849,37902,184651
22844,154834,37909,184658
22854,154794,37909,184649
22865,154832,37911,184644
22875,154843,37904,184649
22884,154849,37903,184654
22894,154860,37907,184660
22904,154876,37892,184683
22914,154863,37914,184694
22936,154870,37892,184712
22944,154877,37892,184720
22954,154887,37886,184727
23044,154869,37832,184725
23056,154864,37851,184708
23078,154853,37820,184733
23083,154854,37830,184720
23094,154845,37812,184717
23185,154798,37801,184672
23196,154764,37805,184679
23204,154789,37812,184673
23213,154773,37792,184659
23237,154777,37809,184654
23244,154754,37799,184666
23254,154745,37809,184641
23303,154720,37803,184641
23313,154722,37813,184635
23379,154698,37802,184613
23384,154691,37800,184612
23394,154676,37816,184587
23416,154684,37820,184627
23423,154666,37805,184621
23434,154671,37801,184621
23444,154677,37817,184598
23454,154654,37807,184624
23476,154674,37831,184625
23483,154667,37820,184621
23496,154674,37819,184636
23504,154659,37833,184625
23514,154641,37814,184614
23537,154654,37843,184620
23543,154637,37833,184632
23553,154644,37840,184612
23564,154635,37847,184630
23574,154636,37837,184609
23583,154633,37849,184601
23640,154621,37859,184627
23643,154627,37854,184633
23653,154625,37864,184644
23664,154620,37852,184611
23673,154618,37874,184615
23724,154597,37877,184641
23734,154606,37869,184587
23744,154576,37879,184627
23753,154572,37892,184615
23763,154591,37888,184599
23773,154585,37902,184607
23894,154550,37905,184639
23896,154553,37907,184626
23916,154557,37894,184635
23923,154547,37897,184638
23933,154545,37874,184641
23943,154549,37894,184621
23953,154542,37876,184635
23963,154515,37867,184607
23973,154519,37858,184626
24023,154477,37846,184614
24033,154494,37837,184593
24042,154482,37840,184584
24055,154469,37831,184588
24063,154459,37818,184586
24073,154442,37823,184556
24083,154442,37819,184532
24093,154434,37805,184526
24103,154432,37818,184549
24159,154381,37798,184533
24177,154411,37799,184519
24183,154361,37804,184524
24193,154361,37803,184516
24243,154338,37804,184510
24278,154314,37809,184511
24283,154328,37801,184501
24292,154311,37805,184519
24303,154296,37795,184523
24313,154301,37808,184515
24323,154283,37809,184518
24333,154306,37803,184503
24357,154293,37804,184510
24363,154279,37812,184509
24373,154249,37822,184509
24382,154267,37817,184511
24396,154292,37808,184514
24485,154222,37830,184509
24540,154203,37840,184513
24645,154148,37851,184506
24647,154155,37848,184519
24652,154145,37852,184497
24663,154134,37858,184505
24783,154095,37894,184498
24785,154089,37885,184505
24796,154097,37887,184444
24842,154092,37908,184519
24853,154093,37903,184523
24863,154084,37902,184508
24919,154104,37900,184567
24922,154124,37891,184576
24932,154066,37894,184567
24943,154096,37874,184580
24953,154106,37886,184583
24962,154090,37873,184579
25194,154109,37851,184658
25239,154112,37860,184654
25282,154128,37868,184642
25291,154106,37869,184605
25302,154126,37854,184642
25315,154134,37862,184632
25322,154119,37868,184652
25333,154098,37874,184642
25342,154098,37864,184625
25462,154146,37900,184666
25478,154120,37889,184663
25541,154123,37909,184674
25600,154106,37930,184675
25618,154086,37945,184649
25622,154115,37929,184673
25631,154100,37941,184660
25723,154110,37935,184654
25732,154115,37936,184638
25852,154104,37939,184670
25901,154093,37929,184657
25903,154081,37911,184661
25911,154048,37938,184629
26143,154026,37890,184616
26157,154036,37889,184575
26161,154022,37897,184622
26170,154045,37882,184595
26221,154031,37901,184650
26231,154016,37900,184615
26241,154038,37911,184654
26256,154016,37905,184672
26261,154044,37907,184689
26381,154072,37921,184748
26383,154069,37932,184762
26390,154062,37932,184759
26416,154073,37946,184744
26420,154073,37947,184751
26430,154107,37942,184750
26441,154071,37941,184766
26457,154064,37951,184754
26544,154088,37962,184773
26550,154091,37974,184738
26561,154098,37952,184790
26619,154094,37991,184800
26622,154099,37985,184782
26631,154085,37983,184772
26640,154090,37998,184776
26651,154095,37982,184788
26661,154097,37997,184776
26697,154113,38003,184800
26701,154117,38016,184798
26759,154136,38025,184829
26762,154127,38018,184831
26771,154137,38019,184813
26821,154155,37987,184848
26831,154167,37964,184808
26840,154147,37993,184821
26850,154150,37973,184826
26920,154177,37958,184835
26922,154162,37967,184822
26930,154173,37945,184785
27024,154161,37925,184787
27123,154154,37934,184692
27125,154152,37933,184674
27223,154166,37924,184670
27225,154186,37944,184665
27230,154158,37923,184649
27240,154156,37940,184631
27250,154183,37940,184638
27260,154170,37963,184640
27431,154176,37970,184591
27480,154170,37968,184564
27482,154166,37956,184553
27490,154136,37988,184530
27541,154141,37964,184507
27550,154150,37978,184493
27560,154118,37973,184495
27576,154126,37982,184492
27580,154137,37963,184502
27589,154170,37975,184474
27599,154112,37984,184477
27609,154146,37976,184480
27661,154133,37975,184478
27669,154093,38001,184466
27679,154114,37979,184478
27689,154125,37988,184464
27700,154134,37998,184470
27710,154107,37986,184475
27720,154131,37986,184466
27801,154129,37947,184463
27928,154080,37878,184349
27958,154067,37858,184325
27960,154050,37864,184330
27970,154075,37878,184295
27979,154071,37857,184298
28100,154089,37843,184287
28141,154080,37834,184291
28150,154067,37852,184286
28160,154080,37842,184281
28169,154074,37829,184279
28179,154071,37836,184263
28190,154060,37822,184234
28200,154057,37834,184244
28237,154086,37837,184265
28240,154068,37855,184234
28250,154045,37892,184226
28300,154048,37846,184241
28309,154022,37864,184204
28319,154052,37865,184207
28357,154056,37855,184207
28360,154031,37848,184221
28370,154001,37877,184186
28490,153997,37844,184155
28541,153999,37865,184143
28542,153997,37851,184157
28548,153983,37856,184140
28559,153974,37859,184146
28569,153965,37863,184143
28579,153971,37870,184148
28595,153989,37855,184155
28599,153993,37867,184169
28609,153957,37865,184191
28619,153974,37867,184186
28679,154016,37877,184216
28682,154046,37871,184257
28689,154037,37878,184256
28760,154148,37847,184466
28777,154173,37837,184555
28822,154261,37859,184958
28829,154277,37854,185050
28838,154293,37878,185164
28848,154399,37898,185314
28859,154507,37916,185483
28869,154608,37935,185638
28878,154665,37942,185819
28888,154710,37982,185927
28899,154742,37978,186063
28916,154807,37995,186157
28918,154889,37987,186298
28928,154936,38029,186380
29024,155879,38158,187608
29139,157198,38209,189666
29244,155732,38030,188358
29247,155624,38020,188179
29249,155745,38045,188267
29258,156294,38076,188699
29268,157048,38114,189542
29279,157769,38161,190433
29289,158304,38184,191183
29298,158542,38197,191674
29308,158624,38201,192001
29318,158510,38208,192104
29328,158520,38204,192289
29338,158685,38210,192695
29348,159177,38202,193369
29358,159834,38181,194174
29368,160367,38159,194890
29397,160926,38156,195661
29400,161049,38145,195890
29409,161148,38061,196405
29418,160849,37981,196477
29436,160832,37865,196630
29438,160750,37798,196688
29448,160784,37805,196628
29458,160955,37707,196845
29468,160964,37696,196915
29478,160587,37646,196466
29488,159788,37631,195455
29499,158859,37577,194273
29508,157895,37553,193106
29518,157080,37521,192108
29528,156428,37490,191279
29538,155713,37423,190355
29548,154989,37407,189447
29558,154326,37389,188528
29568,153710,37363,187758
29579,153332,37363,187384
29588,153112,37340,187237
29598,153045,37348,187326
29608,153101,37350,187642
29618,153325,37354,188170
29628,153544,37348,188696
29638,153703,37378,189189
29648,153685,37384,189498
29658,153574,37383,189727
29667,153310,37401,189804
29678,153029,37401,190000
29688,152979,37416,190411
29698,153285,37446,191138
29708,153749,37479,191869
29717,154238,37525,192348
29727,154549,37545,192562
29738,154735,37582,192661
29748,154902,37598,192744
29758,154969,37622,192729
29768,154986,37626,192716
29778,155025,37651,192639
29788,154984,37648,192621
29797,155034,37651,192574
29808,155096,37669,192464
29818,155225,37687,192383
29828,155404,37693,192328
29837,155628,37714,192367
29848,155957,37705,192375
29858,156183,37745,192315
29868,156337,37770,192211
29878,156503,37781,192159
29888,156751,37813,192174
29898,157086,37829,192278
29908,157455,37868,192425
29917,157788,37885,192619
29936,158074,37912,192818
29957,158553,37930,193133
29959,158731,37968,193270
29967,158883,37971,193386
29978,159071,38003,193524
29988,159270,38011,193681
29998,159446,38013,193828
30008,159592,38023,193978
30018,159693,38025,194081
30036,159824,38058,194188
30039,159917,38058,194328
30047,160037,38042,194401
30057,160119,38076,194557
30067,160233,38084,194648
30078,160292,38088,194768
30087,160345,38099,194841
30097,160386,38104,194913
30108,160408,38104,194939
30118,160364,38104,194936
30127,160315,38105,194936
30137,160295,38110,194959
30147,160181,38117,194911
30158,160044,38100,194797
30167,159793,38095,194549
30177,159430,38108,194248
30187,159052,38078,193924
30197,158616,38073,193615
30207,158105,38061,193191
30217,157403,38043,192573
30228,156729,38032,192033
30237,156105,38043,191578
30248,155378,38034,190987
30257,154631,38044,190275
30268,154087,38049,189806
30278,154009,38056,189841
30288,154281,38115,190198
30297,154734,38125,190710
30307,155172,38167,191284
30317,155698,38198,191906
30336,156182,38188,192608
30338,156629,38197,193190
30356,157131,38183,193824
30359,157766,38190,194484
30368,158457,38152,195161
30377,159065,38135,195736
30387,159403,38108,196169
30397,159475,38063,196254
30407,159320,38000,195939
30417,158777,37913,195113
30427,157984,37799,194048
30437,157210,37744,192947
30447,156382,37681,191938
30458,155759,37615,191110
30467,155301,37558,190562
30477,154972,37507,190225
30487,154660,37474,189820
30498,154370,37414,189523
30507,154112,37374,189261
30517,153894,37336,189012
30527,153651,37310,188777
30538,153554,37291,188752
30547,153528,37260,188840
30557,153613,37254,189144
30567,153820,37252,189681
30577,154142,37258,190427
30587,154540,37268,191244
30596,154851,37283,192009
30607,154961,37279,192446
30618,154824,37284,192476
30627,154393,37257,192114
30637,153761,37254,191545
30647,153136,37250,190993
30658,152635,37246,190677
30667,152419,37264,190602
30677,152458,37324,190678
30687,152866,37362,191136
30697,153537,37415,191929
30707,154250,37453,192764
30717,154847,37508,193488
30727,155351,37544,194047
30737,155716,37569,194354
30747,155944,37603,194530
30757,156149,37631,194441
30767,156316,37651,194419
30777,156561,37688,194409
30787,156689,37696,194448
30797,156775,37721,194422
30807,156809,37704,194384
30817,156892,37715,194309
30827,157030,37730,194312
30836,157245,37750,194329
30847,157564,37764,194401
30857,157882,37815,194449
30867,158308,37848,194558
30877,158691,37872,194695
30887,159004,37911,194795
30897,159327,37939,194930
30907,159637,37964,195040
30917,159939,37981,195186
30927,160190,38007,195250
30937,160375,38020,195322
30947,160550,38041,195337
30957,160767,38057,195446
30966,160921,38073,195466
30976,161067,38084,195581
30986,161172,38090,195662
30997,161223,38072,195700
31007,161282,38081,195703
31017,161334,38091,195751
31027,161359,38090,195832
31037,161379,38088,195918
31046,161393,38067,195976
31056,161373,38079,196003
31076,161333,38102,196043
31079,161271,38089,196075
31086,161202,38095,196109
31097,161123,38096,196120
31107,160933,38100,196081
31117,160681,38092,195990
31126,160367,38076,195830
31136,159999,38077,195612
31146,159545,38072,195302
31157,159043,38064,194903
31166,158526,38038,194413
31176,158012,38029,194024
31187,157590,38032,193751
31197,157191,38048,193500
31207,156660,38065,193146
31216,156067,38079,192544
31226,155411,38087,191927
31237,154781,38116,191340
31247,154438,38143,191094
31256,154353,38160,191083
31266,154516,38181,191386
31276,155034,38212,192112
31287,155881,38208,193198
31318,158890,38239,197147
31337,159751,38193,197858
31346,159265,38118,197267
31356,158757,38058,196674
31366,158410,37990,196226
31376,158222,37956,195934
31386,158232,37911,196050
31396,158322,37892,196210
31406,158357,37852,196261
31416,158224,37828,196068
31426,158002,37791,195819
31436,157758,37739,195522
31446,157494,37724,195291
31457,157393,37713,195222
31466,157364,37706,195262
31476,157349,37693,195327
31497,157365,37656,195527
31506,157455,37645,195753
31516,157617,37667,196117
31526,157843,37654,196586
31536,158043,37675,197063
31546,158151,37652,197381
31556,158084,37662,197501
31566,157744,37642,197212
31576,157267,37627,196702
31585,156690,37621,196161
31596,156218,37595,195724
31606,155919,37606,195559
31616,155788,37582,195596
31626,155782,37617,195716
31636,155782,37643,195720
31646,155776,37660,195624
31656,155812,37668,195483
31666,155857,37672,195334
31675,155966,37691,195232
31686,156157,37717,195160
31697,156355,37761,195149
31707,156499,37772,195085
31716,156538,37768,194877
31726,156466,37746,194561
31736,156304,37765,194174
31746,156157,37745,193776
31756,156063,37731,193411
31766,156082,37748,193188
31776,156270,37730,193087
31786,156605,37769,193163
31796,157078,37771,193378
31806,157571,37817,193618
31816,158038,37836,193883
31826,158507,37888,194136
31836,158921,37898,194336
31846,159253,37942,194504
31856,159628,37967,194665
31866,159929,37985,194824
31875,160179,38003,194943
31885,160390,38011,195030
31896,160532,38031,195102
31906,160606,38065,195095
31916,160689,38060,195142
31926,160731,38096,195129
31936,160800,38094,195126
31946,160842,38084,195119
31957,160883,38097,195097
31966,160897,38088,195110
31976,160924,38107,195115
31986,160962,38130,195142
31996,161000,38126,195199
32005,161012,38130,195220
32016,161047,38142,195288
32026,161036,38131,195282
32036,160993,38133,195322
32045,160981,38121,195327
32055,160957,38123,195349
32066,160928,38135,195354
32076,160843,38133,195341
32086,160747,38145,195327
32096,160607,38117,195245
32106,160403,38137,195126
32116,160075,38098,194879
32125,159683,38080,194584
32135,159191,38074,194250
32145,158624,38059,193803
32156,158024,38051,193278
32166,157435,38050,192735
32175,156834,38044,192285
32185,156226,38047,191869
32195,155683,38095,191689
32206,155448,38133,191784
32260,157443,38275,195049
32265,157890,38293,195715
32276,158475,38315,196499
32286,159288,38321,197544
32296,160553,38337,199126
32305,162060,38335,200928
32316,163075,38319,202245
32326,163150,38267,202401
32358,159906,38046,198790
32365,159042,37994,197878
32375,158562,37951,197434
32385,158389,37936,197354
32396,158434,37868,197570
32405,158563,37872,197812
32416,158622,37808,198025
32425,158585,37814,198104
32436,158497,37759,198123
32446,158452,37752,198172
32456,158393,37719,198236
32465,158387,37712,198349
32476,158431,37698,198537
32486,158493,37689,198715
32496,158542,37675,198877
32505,158598,37666,199041
32515,158669,37647,199205
32525,158718,37651,199292
32535,158701,37634,199347
32544,158663,37630,199297
32556,158557,37606,199151
32566,158374,37598,198926
32576,158173,37579,198702
32585,157950,37552,198507
32595,157709,37548,198328
32605,157512,37527,198356
32616,157320,37521,198408
32625,157070,37518,198375
32635,156877,37504,198317
32645,156693,37509,198108
32656,156479,37539,197742
32666,156288,37562,197416
32675,156131,37581,197083
32685,156018,37611,196824
32696,156053,37632,196712
32705,156203,37653,196619
32715,156345,37676,196488
32725,156412,37692,196243
32737,156445,37726,195952
32745,156527,37731,195690
32755,156579,37759,195470
32777,156553,37768,194886
32786,156488,37775,194542
32795,156480,37786,194264
32805,156573,37790,194028
32815,156811,37807,193941
32825,157187,37825,193977
32834,157695,37849,194116
32845,158265,37895,194341
32855,158902,37933,194632
32865,159461,37963,194909
32875,159940,38016,195095
32885,160350,38057,195278
32895,160667,38076,195376
32905,160852,38108,195428
32915,160986,38094,195450
32924,161066,38118,195439
32935,161127,38121,195450
32945,161192,38153,195503
32955,161273,38138,195602
32965,161344,38136,195685
32975,161407,38162,195734
32985,161440,38169,195810
32995,161501,38178,195883
33004,161558,38197,195950
33014,161573,38183,196029
33024,161586,38195,196084
33035,161569,38191,196151
33044,161545,38211,196206
33054,161477,38198,196238
33064,161344,38190,196225
33075,161168,38184,196137
33084,160867,38179,196014
33094,160564,38168,195930
33104,160226,38171,195785
33116,159787,38145,195583
33125,159310,38146,195298
33135,158797,38147,194981
33145,158235,38137,194665
33155,157704,38115,194337
33165,157006,38109,193894
33175,156267,38111,193450
33185,155795,38130,193159
33195,155739,38144,193145
33205,155947,38161,193303
33214,156095,38166,193409
33224,156110,38174,193313
33234,156266,38198,193464
33257,158279,38274,195993
33264,159710,38315,197862
33275,160873,38308,199491
33285,161516,38293,200489
33294,161344,38246,200522
33304,160832,38189,200237
33314,160369,38140,199981
33324,160171,38144,199952
33336,160224,38106,200161
33344,160405,38123,200397
33355,160532,38106,200555
33365,160585,38124,200642
33375,160630,38131,200731
33384,160657,38112,200823
33394,160679,38119,200886
33404,160684,38129,200970
33416,160674,38120,201061
33424,160798,38127,201273
33435,161071,38121,201724
33445,161598,38156,202466
33455,162300,38165,203454
33464,163045,38186,204375
33474,163627,38206,205072
33484,163951,38209,205424
33495,164252,38203,205471
33504,164100,38181,205236
33514,163724,38146,204807
33524,163288,38121,204293
33534,162752,38090,203732
33543,162186,38035,203126
33554,161475,38009,202412
33564,160759,37993,201690
33576,160082,37977,200952
33584,159480,37961,200253
33594,158957,37952,199638
33604,158579,37932,199121
33615,158315,37973,198749
33625,158228,37972,198436
33634,158192,37990,198219
33644,158206,38017,197985
33654,158242,38038,197707
33664,158217,38036,197412
33674,158093,38039,196968
33684,158020,38061,196505
33695,157981,38057,196073
33705,157891,38073,195622
33714,157932,38067,195321
33724,158120,38082,195169
33734,158252,38064,195079
33745,158468,38088,195110
33754,158728,38096,195157
33764,159116,38117,195292
33774,159552,38160,195463
33784,160051,38178,195709
33793,160491,38202,195889
33804,160794,38222,196038
33814,161025,38221,196130
33824,161169,38213,196186
33833,161258,38254,196241
33843,161333,38230,196238
33854,161386,38243,196274
33865,161459,38244,196291
33875,161524,38252,196347
33884,161566,38257,196403
33894,161596,38262,196445
33904,161653,38254,196456
33914,161711,38282,196491
33923,161723,38285,196530
33933,161782,38269,196555
33944,161783,38287,196625
33954,161824,38294,196612
33963,161810,38289,196656
33974,161821,38291,196665
33984,161829,38293,196668
33994,161807,38302,196681
34004,161809,38293,196688
34014,161780,38312,196703
34024,161807,38308,196726
34034,161808,38331,196752
34043,161787,38317,196737
34053,161772,38319,196718
34064,161777,38324,196699
34074,161790,38323,196699
34083,161817,38295,196660
34094,161845,38315,196664
34104,161892,38310,196686
34114,161944,38317,196705
34124,162010,38297,196750
34133,162096,38285,196804
34144,162178,38303,196884
34154,162285,38306,196948
34164,162402,38310,197071
34173,162535,38312,197235
34183,162691,38321,197352
34194,162834,38334,197472
34204,162995,38371,197616
34213,163081,38387,197800
34224,163088,38391,197926
34236,163029,38418,197932
34243,162810,38411,197798
34253,162424,38408,197473
34264,162071,38394,197212
34274,161775,38374,197033
34284,161363,38364,196959
34293,161005,38319,196935
34303,160538,38321,196852
34313,159992,38308,196776
34324,159397,38272,196704
34333,158913,38254,196757
34343,158629,38224,196990
34354,158613,38250,197442
34363,159423,38285,198647
34374,160639,38301,200060
34384,161776,38311,201414
34394,162533,38337,202497
34404,162522,38337,202733
34414,162692,38330,202971
34423,163065,38306,203409
34434,163333,38235,203728
34444,163489,38237,203952
34454,163642,38216,204166
34463,163676,38189,204239
34473,163700,38148,204371
34483,163753,38135,204592
34494,163837,38116,204858
34503,163928,38097,205193
34513,163964,38096,205415
34523,164004,38078,205573
34534,164030,38089,205795
34543,164079,38081,205965
34553,164097,38091,206137
34564,164214,38099,206434
34574,164467,38098,206755
34583,164756,38094,207076
34593,164978,38119,207271
34603,165071,38122,207316
34613,164982,38091,207154
34624,164795,38100,206921
34633,164490,38082,206557
34644,164163,38078,206234
34677,163005,38073,205524
34723,162651,38119,204690
34733,162793,38170,204389
34743,162725,38214,203822
34752,162396,38250,202899
34763,161993,38269,201925
34773,161783,38274,201098
34784,161929,38326,200615
34793,162383,38340,200488
34803,163010,38403,200542
34813,163717,38477,200717
34823,164339,38525,200854
34833,164723,38575,200854
34842,164726,38603,200592
34853,164416,38627,200054
34864,163971,38627,199385
34874,163590,38647,198838
34883,163289,38663,198397
34893,163165,38680,198129
34903,163084,38669,197959
34913,163041,38703,197846
34936,163240,38728,197897
34943,163418,38749,198007
34954,163530,38735,198065
34962,163566,38740,198048
34973,163480,38734,198052
34983,163395,38712,197968
34994,163281,38702,197940
35003,163215,38700,197933
35016,163172,38686,197925
35023,163099,38653,197932
35033,162985,38645,197881
35043,162815,38613,197845
35053,162685,38594,197788
35063,162488,38561,197719
35073,162321,38547,197665
35083,162063,38519,197541
35093,161731,38478,197380
35103,161323,38450,197130
35113,160845,38406,196863
35123,160361,38388,196564
35132,159846,38364,196209
35143,159404,38341,195899
35153,158998,38334,195627
35163,158643,38313,195462
35173,158544,38320,195616
35183,158649,38336,196138
35193,158864,38334,196715
35203,159080,38331,197090
35213,159289,38360,197379
35222,159669,38358,197728
35233,160337,38338,198278
35243,161000,38350,198861
35252,161965,38313,199839
35262,163242,38288,201155
35272,164323,38231,202161
35283,164825,38162,202498
35292,164759,38085,202273
35303,164763,37994,202310
35313,164912,37900,202652
35323,164953,37813,202942
35333,164972,37732,203273
35342,164747,37646,203310
35352,164522,37599,203289
35362,164342,37547,203258
35373,164179,37502,203232
35383,164028,37514,203178
35393,163838,37479,203113
35403,163718,37455,203083
35413,163648,37447,203039
35422,163655,37441,203125
35433,163779,37461,203261
35443,164057,37489,203630
35453,164601,37519,204293
35462,165478,37555,205290
35472,166594,37606,206573
35483,167749,37657,207837
35493,168581,37697,208651
35502,168979,37710,208910
35512,169020,37721,208741
35523,168866,37700,208276
35533,168582,37725,207755
35542,168303,37729,207217
35553,168014,37757,206786
35562,167677,37778,206293
35573,167112,37782,205598
35582,166193,37828,204530
35592,165441,37806,203738
35603,164970,37854,203188
35613,164525,37892,202650
35623,164079,37916,202135
35632,163694,37948,201655
35642,163156,37980,201062
35652,162633,38020,200456
35662,162222,38040,200025
35672,162007,38066,199762
35682,161979,38109,199579
35692,162073,38163,199501
35703,162343,38195,199509
35712,162645,38267,199550
35723,162931,38327,199595
35733,163202,38375,199554
35743,163290,38408,199433
35752,163147,38425,199097
35762,162928,38449,198739
35772,162758,38469,198391
35782,162669,38485,198169
35791,162656,38509,198007
35802,162715,38528,197888
35812,162826,38543,197824
35822,162865,38567,197732
35832,162844,38589,197676
35842,162823,38570,197600
35852,162780,38581,197537
35862,162747,38581,197433
35873,162722,38567,197460
35881,162729,38602,197464
35892,162852,38592,197560
35902,163095,38627,197694
35913,163435,38648,197922
35921,163703,38678,198050
35932,163801,38688,198166
35942,163751,38698,198127
35953,163563,38682,198085
35961,163296,38675,197979
35972,162958,38660,197891
35983,162646,38652,197769
35993,162159,38629,197461
36002,161539,38582,197102
36012,160860,38525,196690
36022,160069,38481,196203
36032,159274,38452,195661
36042,158570,38429,195128
36052,158026,38436,194681
36062,157622,38432,194300
36072,157249,38474,193859
36082,157238,38488,193736
36091,157666,38523,194262
36102,158095,38532,194888
36112,158632,38550,195564
36122,159534,38562,196741
36132,160652,38573,198108
36142,161650,38579,199265
36152,162330,38566,200107
36162,162648,38538,200505
36171,162863,38554,200782
36182,163171,38536,201097
36192,163455,38504,201424
36202,163747,38484,201806
36211,163995,38438,202141
36222,164194,38401,202533
36232,164591,38394,203162
36242,165069,38368,203859
36252,165456,38335,204399
36262,165821,38322,204843
36272,166123,38320,205226
36297,166613,38265,205853
36301,166748,38237,206067
36311,166961,38218,206311
36322,167105,38189,206493
36332,167198,38194,206622
36342,167232,38210,206669
36352,167214,38200,206612
36362,167116,38197,206438
36373,166897,38169,206125
36397,166169,38157,205070
36402,165695,38163,204458
36412,165249,38159,203842
36421,164746,38162,203270
36432,164152,38164,202573
36442,163341,38176,201693
36452,162404,38170,200738
36502,160293,38155,199121
36512,160360,38191,199026
36522,160390,38214,198930
36532,160401,38248,198706
36541,160430,38265,198541
36551,160431,38282,198365
36562,160535,38298,198249
36572,160814,38337,198258
36582,161340,38404,198402
36591,161893,38444,198587
36602,162236,38480,198714
36612,162295,38508,198656
36622,162129,38524,198412
36631,161914,38552,198093
36641,161784,38536,197826
36652,161840,38566,197658
36662,161975,38565,197556
36671,162134,38589,197539
36682,162170,38584,197536
36692,162148,38586,197493
36702,162092,38589,197445
36711,162055,38587,197384
36721,162013,38564,197349
36731,161978,38557,197304
36742,162061,38560,197351
36751,162225,38570,197394
36762,162361,38572,197440
36772,162473,38597,197454
36782,162499,38600,197434
36791,162484,38600,197402
36801,162402,38616,197364
36811,162259,38608,197314
36822,161953,38612,197167
36832,161471,38589,196891
36841,160909,38558,196557
36851,160272,38526,196135
36861,159658,38483,195728
36871,159101,38473,195376
36881,158867,38456,195323
36892,158844,38487,195565
36901,159013,38523,195972
36912,159166,38505,196469
36920,159365,38522,196963
36931,159533,38519,197432
36941,159815,38523,197894
36952,160183,38526,198472
36960,160540,38511,199037
36971,160746,38496,199491
36982,160727,38495,199716
36992,160669,38485,200003
37001,160667,38458,200364
37016,160718,38455,200808
37061,162981,38484,204376
37071,163849,38545,205474
37081,164773,38531,206504
37090,165587,38551,207432
37101,166270,38567,208210
37111,166799,38585,208863
37121,167225,38572,209348
37130,167536,38597,209716
37141,167735,38586,209934
37151,167866,38589,210150
37162,167974,38562,210245
37171,168088,38580,210371
37181,168271,38594,210538
37191,168442,38581,210654
37202,168621,38576,210781
37211,168791,38580,210864
37221,168971,38556,210976
37236,169185,38580,211120
37242,169440,38594,211288
37251,169659,38610,211414
37261,169781,38635,211483
37276,169867,38627,211454
37282,169935,38638,211390
37296,170053,38673,211342
37300,169886,38670,210968
37311,169343,38670,210108
37321,168313,38663,208831
37332,166969,38645,207253
37340,165613,38612,205685
37351,164365,38580,204326
37361,163465,38559,203389
37371,163016,38573,202866
37381,162900,38594,202594
37391,162855,38619,202309
37401,162793,38662,201991
37411,162626,38669,201518
37421,162365,38669,200938
37431,162157,38662,200393
37441,162041,38656,199991
37451,162103,38693,199708
37461,162190,38718,199549
37471,162277,38734,199364
37481,162317,38746,199109
37491,162455,38772,198924
37500,162580,38789,198751
37510,162696,38800,198656
37521,162813,38823,198528
37531,162870,38828,198423
37541,162914,38824,198336
37551,162929,38850,198259
37560,162942,38845,198187
37571,162996,38847,198182
37581,163079,38844,198159
37591,163134,38824,198200
37601,163203,38845,198244
37611,163235,38833,198313
37621,163267,38820,198364
37631,163286,38817,198382
37641,163263,38816,198398
37651,163239,38796,198398
37661,163270,38791,198412
37670,163375,38814,198425
37680,163471,38806,198401
37690,163466,38800,198307
37701,163387,38766,198198
37710,163273,38773,198082
37720,163147,38761,197954
37730,163035,38774,197875
37741,163051,38767,197857
37750,163124,38811,197918
37760,163151,38805,197926
37771,163069,38817,197887
37781,162846,38793,197706
37791,162434,38776,197530
37801,161825,38743,197263
37811,161011,38691,196855
37821,160246,38659,196437
37831,159684,38647,196142
37840,159340,38648,195942
37850,159162,38666,195926
37861,159006,38679,195942
37871,158855,38682,195930
37880,158769,38686,196049
37890,158854,38699,196379
37900,159034,38710,196854
37911,159279,38707,197293
37920,159579,38710,197815
37931,160023,38677,198443
37940,160358,38658,199093
37951,160638,38614,199632
37960,160771,38638,200021
37970,160840,38604,200325
37980,161026,38622,200732
37991,161249,38606,201154
38000,161475,38613,201548
38010,161581,38593,201736
38020,161561,38585,201792
38031,161598,38576,201948
38040,161735,38573,202154
38050,161928,38569,202462
38061,162193,38575,202772
38071,162419,38587,203081
38081,162576,38583,203363
38090,162662,38585,203431
38100,162577,38601,203308
38110,162447,38602,203149
38121,162461,38610,203027
38130,162443,38597,202966
38140,162414,38594,202918
38150,162377,38588,202871
38160,162307,38596,202797
38169,162282,38585,202813
38180,162242,38555,202730
38196,162162,38560,202600
38201,162118,38565,202525
38210,162089,38542,202526
38220,162108,38548,202515
38236,162119,38553,202495
38241,162071,38563,202440
38250,162017,38552,202342
38260,161961,38573,202291
38270,161932,38570,202246
38281,161899,38570,202196
38291,161828,38566,202137
38300,161778,38566,202074
38310,161666,38549,201912
38320,161504,38534,201722
38331,161347,38531,201519
38340,161196,38497,201296
38350,160976,38491,201036
38361,160717,38477,200727
38371,160500,38455,200369
38380,160223,38444,200056
38390,159939,38427,199710
38400,159679,38402,199404
38410,159426,38367,199132
38420,159162,38354,198850
38430,158947,38319,198655
38440,158978,38351,198717
38450,159316,38347,199099
38460,160171,38355,199914
38470,161064,38374,200577
38480,161694,38371,200822
38490,161871,38344,200185
38500,162090,38373,199272
38510,162322,38419,198492
38520,162490,38456,197855
38530,162681,38491,197387
38540,162749,38530,196881
38549,162615,38550,196276
38560,162426,38559,195777
38570,162224,38568,195291
38580,161984,38580,194777
38589,161773,38572,194376
38600,161516,38584,193926
38610,161181,38563,193522
38620,160872,38552,193094
38629,160562,38548,192752
38640,160265,38517,192421
38650,159968,38526,192138
38660,159697,38491,191906
38669,159473,38483,191706
38680,159289,38465,191563
38690,159122,38447,191431
38700,158922,38430,191310
38709,158770,38423,191215
38720,158596,38422,191093
38730,158446,38385,190984
38740,158337,38388,190908
38750,158252,38388,190844
38760,158173,38375,190810
38770,158115,38367,190784
38780,158060,38352,190767
38790,158034,38345,190712
38800,158000,38360,190729
38810,157999,38364,190707
38820,157987,38373,190751
38830,158013,38348,190780
38839,158027,38347,190829
38850,158047,38368,190899
38860,158107,38360,190961
38920,158261,38347,191278
38961,158489,38367,191824
38970,158599,38354,191926
38979,158682,38379,192035
38990,158761,38382,192176
39000,158824,38383,192284
39010,158918,38388,192410
39019,159008,38402,192556
39030,159112,38403,192674
39040,159242,38409,192816
39049,159320,38386,192943
39060,159408,38440,193074
39180,160258,38513,194197
39198,160391,38522,194293
39242,160367,38535,194218
39250,160291,38523,194135
39259,160249,38525,194147
39364,159948,38498,194248
39478,160591,38657,194866
39522,160749,38699,194944
39581,160919,38745,195033
39583,160896,38756,195041
39588,160849,38747,195016
39599,160780,38745,194948
39609,160734,38737,194897
39619,160682,38743,194864
39659,160850,38727,194825
39702,160995,38728,194998
39709,161032,38728,194966
39719,161070,38728,195077
39729,161108,38710,195116
39739,161126,38714,195158
39800,161391,38727,195369
39802,161340,38733,195380
39809,161265,38699,195334
39819,161258,38714,195342
39829,161291,38703,195341
39838,161450,38710,195357
39848,161553,38717,195357
39859,161571,38702,195407
39869,161520,38714,195418
39879,161502,38704,195408
39889,161508,38705,195411
39899,161568,38722,195429
39909,161719,38715,195416
39918,161813,38726,195353
39928,161868,38725,195331
39939,161808,38729,195299
39949,161762,38704,195253
39958,161727,38712,195284
39969,161706,38715,195261
39979,161753,38691,195265
39989,161772,38683,195224
39999,161795,38673,195192
40009,161735,38648,195149
40019,161702,38646,195083
40029,161635,38633,195107
40039,161587,38627,195099
40048,161545,38611,195116
40058,161546,38594,195095
40069,161591,38579,195102
40122,161836,38527,195371
40128,161859,38523,195406
40138,161904,38494,195411
40149,161932,38482,195414
40159,161918,38486,195378
40168,161925,38480,195373
40178,161910,38466,195407
40197,161889,38445,195400
40199,161894,38451,195399
40208,161877,38467,195384
40218,161873,38432,195359
40228,161848,38427,195307
40257,161847,38419,195276
40301,161804,38398,195163
40308,161779,38403,195154
40319,161764,38379,195116
40329,161750,38393,195054
40449,161513,38373,194767
40522,161277,38393,194646
40524,161255,38381,194629
40529,161219,38388,194656
40539,161164,38394,194632
40557,161177,38375,194684
40559,161162,38395,194674
40568,161178,38400,194700
40622,161217,38441,194901
40659,161304,38467,194920
40662,161360,38480,194956
40890,161409,38603,195863
41164,162689,38876,195963
41220,162912,38848,196160
41222,162895,38845,196146
41258,162544,38821,196005
41260,162508,38810,195958
41342,162481,38763,195718
41344,162472,38750,195666
41347,162494,38743,195606
41358,162500,38717,195601
41368,162458,38742,195488
41377,162378,38712,195406
41387,162288,38711,195314
41397,162210,38681,195265
41408,162115,38663,195160
41417,162022,38673,195100
41428,161959,38639,195024
41438,161907,38642,194953
41448,161866,38627,194893
41458,161831,38603,194859
41467,161797,38599,194773
41478,161804,38592,194834
41488,161793,38591,194811
41498,161812,38580,194833
41507,161803,38578,194893
41517,161832,38548,194910
41528,161829,38543,194940
41538,161851,38554,194968
41547,161890,38542,195030
41557,161921,38535,195065
41567,161966,38522,195093
41578,161995,38522,195105
41587,162025,38508,195122
41597,162034,38518,195101
41607,162039,38506,195130
41618,162042,38482,195080
41627,162052,38482,195102
41659,162061,38464,195121
41676,162051,38434,195138
41721,162000,38423,195001
41727,161965,38422,194940
41737,161909,38392,194859
41747,161877,38376,194800
41757,161816,38375,194738
41767,161775,38384,194684
41777,161712,38342,194624
41788,161674,38345,194551
41797,161620,38361,194491
41817,161599,38322,194466
41819,161598,38339,194418
41827,161577,38336,194375
41857,161575,38346,194332
41859,161582,38342,194318
41868,161612,38348,194337
41876,161614,38361,194377
41886,161679,38350,194407
41897,161695,38367,194470
41938,161661,38368,194587
41941,161664,38362,194572
41948,161670,38392,194533
41958,161707,38395,194598
41967,161788,38407,194723
41977,161926,38407,194886
41987,162058,38468,195107
41998,162115,38510,195286
42007,162051,38500,195315
42127,159484,38523,193523
42181,160101,38608,193975
42187,160238,38628,194102
42197,160373,38634,194213
42259,160898,38701,194785
42322,161229,38754,195129
42327,161237,38768,195146
42448,161310,38881,195049
42500,162024,38921,195138
42507,161870,38902,195093
42517,161761,38899,195033
42538,161808,38886,195018
42546,161890,38874,195062
42579,162378,38903,195137
42641,162865,38840,195338
42646,162803,38827,195350
42656,162625,38797,195210
42666,162425,38799,195108
42677,162245,38771,194946
42687,162112,38758,194871
42697,161990,38740,194749
42707,161907,38723,194641
42716,161776,38706,194545
42726,161669,38686,194448
42737,161578,38666,194347
42747,161503,38655,194284
42756,161468,38639,194245
42766,161400,38622,194256
42777,161389,38607,194247
42787,161361,38596,194234
42796,161374,38579,194208
42806,161362,38576,194217
42816,161398,38570,194274
42826,161409,38546,194343
42835,161439,38508,194407
42846,161471,38528,194447
42857,161532,38527,194499
42867,161563,38521,194568
42876,161634,38529,194596
42886,161706,38497,194625
42896,161726,38511,194669
42906,161751,38494,194677
42916,161771,38512,194722
42926,161816,38471,194765
42936,161852,38470,194811
42947,161899,38492,194853
42957,161934,38498,194927
42966,161975,38472,194993
42976,162012,38484,195064
42997,162124,38481,195211
43006,162185,38455,195263
43016,162240,38486,195280
43026,162267,38486,195337
43036,162316,38494,195373
43057,162325,38494,195379
43066,162332,38499,195402
43077,162305,38481,195372
43125,162242,38501,195341
43180,162011,38484,195200
43186,161993,38504,195178
43196,161980,38500,195170
43206,161991,38498,195185
43216,161989,38491,195208
43266,162019,38509,195517
43498,161202,38605,196039
43500,161255,38611,196092
43617,161692,38693,196472
43660,161702,38700,196525
43666,161717,38716,196519
43675,161719,38738,196531
43908,162468,38879,196344
43945,162537,38872,196438
43956,162518,38870,196368
43965,162532,38868,196314
43975,162570,38865,196237
43985,162588,38829,196221
43995,162615,38845,196203
44017,162624,38798,196235
44038,162572,38780,196165
44045,162555,38776,196182
44055,162575,38757,196153
44065,162608,38748,196108
44075,162628,38738,196106
44084,162609,38734,196121
44096,162597,38723,196169
44106,162583,38719,196166
44116,162536,38705,196161
44125,162492,38704,196131
44135,162462,38688,196095
44145,162461,38682,196056
44155,162462,38666,196023
44165,162424,38659,195985
44175,162379,38622,195976
44185,162339,38621,195960
44197,162337,38601,195987
44206,162361,38599,196028
44215,162434,38607,196035
44225,162508,38583,196079
44235,162590,38582,196102
44245,162669,38578,196120
44255,162700,38553,196106
44265,162686,38551,196040
44275,162651,38551,196035
44285,162606,38543,195983
44294,162526,38521,195945
44305,162479,38533,195889
44315,162445,38531,195861
44325,162380,38515,195817
44337,162365,38517,195787
44345,162358,38519,195769
44378,162308,38507,195757
44384,162311,38506,195740
44395,162300,38515,195720
44627,161469,38602,195225
44638,161384,38644,195158
44645,161401,38609,195225
44655,161371,38619,195202
44665,161343,38616,195241
44675,161341,38611,195233
44685,161342,38620,195207
44805,161265,38640,195888
44845,160641,38593,196130
44855,160681,38571,196179
44865,160709,38598,196251
44875,160711,38588,196277
44884,160703,38577,196257
44894,160687,38574,196261
44905,160686,38593,196236
44915,160688,38604,196205
44925,160691,38583,196167
44935,160653,38608,196124
44945,160668,38612,196126
45000,160751,38631,196031
45105,161025,38716,196056
45185,161456,38788,195807
45195,161447,38785,195798
45204,161444,38788,195836
45214,161515,38788,195819
45224,161602,38814,195813
45235,161697,38816,195810
45257,161721,38811,195917
45278,161836,38822,196017
45285,161951,38842,196038
45319,162092,38872,196109
45324,162037,38867,196074
45334,162055,38855,196038
45344,162130,38862,196043
45354,162249,38871,196016
45364,162341,38873,196024
45374,162423,38860,196024
45383,162394,38851,196021
45394,162383,38846,195968
45417,162378,38828,195923
45423,162422,38816,195887
45436,162435,38811,195848
45445,162461,38822,195823
45455,162494,38829,195771
45464,162456,38802,195744
45474,162466,38816,195710
45484,162467,38810,195655
45494,162434,38794,195571
45504,162376,38800,195512
45514,162355,38795,195469
45524,162300,38788,195432
45534,162305,38772,195360
45543,162272,38772,195337
45554,162290,38763,195309
45564,162276,38770,195242
45574,162239,38758,195224
45584,162227,38766,195203
45594,162200,38757,195171
45604,162205,38749,195163
45614,162215,38762,195131
45624,162216,38766,195133
45633,162224,38746,195087
45644,162250,38764,195054
45654,162258,38738,195058
45664,162259,38751,195084
45673,162260,38753,195099
45684,162260,38775,195094
45694,162294,38771,195117
45704,162310,38778,195145
45713,162351,38782,195161
45724,162400,38797,195222
45734,162422,38812,195248
45744,162467,38803,195342
45754,162505,38823,195419
45764,162531,38830,195499
45774,162563,38832,195584
45784,162587,38827,195688
45793,162613,38835,195769
45804,162635,38828,195851
45817,162650,38837,195934
45824,162712,38843,196020
45833,162775,38854,196073
45843,162879,38864,196139
45854,163036,38864,196227
45864,163170,38887,196400
45874,163290,38888,196549
45883,163396,38899,196727
45893,163498,38926,196917
45903,163611,38936,197070
45916,163703,38944,197190
45938,163862,38996,197494
45944,163936,38997,197652
45957,164015,39034,197829
45963,164064,39044,198037
45973,164111,39053,198256
46041,164821,39164,199396
46043,164913,39189,199553
46053,164985,39192,199757
46077,165214,39200,199933
46083,165299,39210,200006
46094,165461,39233,200057
46103,165599,39229,200137
46139,166047,39255,200540
46143,166156,39266,200705
46154,166266,39251,200871
46164,166333,39261,201025
46173,166413,39272,201223
46183,166489,39262,201444
46194,166566,39264,201626
46204,166635,39273,201800
46213,166681,39281,201928
46263,167228,39327,202328
46273,167303,39338,202393
46284,167400,39348,202461
46293,167473,39354,202551
46303,167557,39369,202636
46313,167624,39384,202694
46324,167701,39379,202751
46333,167746,39395,202805
46358,167843,39421,202903
46364,167879,39430,202940
46374,167890,39444,202979
46383,167958,39448,202951
46393,168000,39455,202948
46403,168026,39460,202957
46416,168072,39465,202929
46423,168098,39474,202923
46433,168115,39472,202923
46444,168137,39487,202921
46457,168163,39493,202940
46462,168175,39503,202940
46473,168188,39496,202929
46484,168202,39497,202894
46494,168217,39514,202894
46503,168215,39525,202891
46513,168260,39527,202881
46523,168244,39521,202868
46534,168242,39540,202880
46543,168254,39528,202851
46556,168282,39538,202863
46563,168293,39541,202871
46573,168304,39559,202854
46694,168542,39613,203036
46697,168561,39607,203069
46704,168559,39621,203067
46713,168616,39625,203089
46723,168624,39629,203133
46734,168627,39646,203148
46744,168653,39640,203160
46753,168678,39654,203183
46763,168658,39666,203223
46773,168711,39651,203221
46783,168708,39671,203234
46796,168725,39658,203218
46802,168736,39648,203224
46813,168742,39644,203247
46824,168754,39647,203221
46837,168765,39646,203237
46843,168771,39650,203279
46853,168781,39652,203297
46863,168760,39650,203344
46874,168777,39628,203377
46883,168792,39642,203393
46893,168794,39659,203445
46903,168779,39655,203483
46913,168815,39647,203517
46923,168785,39647,203539
46933,168794,39644,203572
46943,168818,39658,203585
46953,168808,39644,203625
46963,168833,39654,203652
46973,168835,39656,203694
46983,168862,39650,203694
46993,168862,39658,203720
47002,168859,39634,203724
47012,168876,39649,203752
47022,168888,39660,203745
47033,168892,39661,203758
47043,168888,39661,203729
47053,168899,39668,203758
47078,168913,39657,203770
47083,168924,39664,203782
47092,168921,39667,203789
47102,168934,39668,203754
47113,168943,39681,203803
47124,168972,39676,203785
47133,168959,39683,203773
47143,168964,39687,203813
47153,168975,39684,203792
47163,168987,39684,203832
47172,168987,39691,203844
47183,168996,39690,203855
47193,168993,39685,203850
47203,169009,39712,203842
47213,168997,39708,203890
47238,169022,39699,203918
47243,169043,39705,203923
47253,169055,39727,203946
47262,169031,39718,203938
47272,169052,39722,203958
47283,169064,39725,203971
47292,169056,39726,203975
47302,169060,39738,203965
47312,169034,39740,203978
47323,169057,39757,203984
47333,169060,39732,204001
47342,169068,39730,204005
47353,169085,39742,203993
47362,169087,39742,203996
47373,169092,39736,203995
47382,169091,39762,204009
47393,169088,39739,204008
47402,169089,39760,204022
47413,169093,39751,204023
47423,169085,39759,204006
47433,169116,39764,204015
47443,169112,39787,204022
47453,169101,39771,204041
47462,169124,39783,204058
47472,169129,39774,204069
47482,169123,39767,204070
47493,169123,39768,204063
47502,169138,39783,204053
47512,169132,39769,204032
47522,169140,39759,204073
47533,169138,39774,204072
47542,169150,39760,204072
47553,169145,39751,204088
47563,169161,39766,204079
47573,169140,39749,204047
47583,169160,39763,204078
47592,169159,39754,204086
47602,169162,39765,204103
47612,169165,39741,204083
47637,169179,39744,204110
47642,169180,39744,204122
47678,169183,39748,204134
47682,169180,39728,204141
47693,169174,39739,204129
47785,169191,39762,204169
47791,169186,39741,204142
47802,169204,39738,204165
47813,169180,39760,204175
47823,169193,39751,204176
47833,169196,39731,204178
47842,169180,39750,204180
47852,169197,39747,204167
47862,169211,39748,204192
47873,169211,39735,204187
47882,169210,39760,204199
47918,169234,39751,204222
47921,169247,39759,204230
47932,169213,39773,204213
47942,169254,39772,204235
47952,169243,39757,204249
47961,169258,39764,204220
47972,169256,39767,204260
47983,169242,39764,204238
47993,169271,39781,204248
48002,169252,39767,204250
48012,169233,39790,204244
48022,169264,39784,204244
48037,169253,39787,204261
48041,169272,39771,204264
48052,169254,39787,204265
48062,169289,39789,204272
48072,169259,39809,204258
48082,169293,39788,204270
48092,169276,39789,204286
48102,169282,39802,204280
48112,169296,39815,204256
48138,169313,39809,204314
48141,169286,39823,204286
48157,169294,39807,204271
48162,169317,39806,204288
48220,169303,39799,204305
48222,169320,39799,204292
48231,169306,39792,204266
48257,169318,39785,204292
48262,169319,39788,204295
48272,169305,39769,204272
48282,169324,39791,204293
48292,169302,39772,204290
48302,169322,39771,204304
48312,169325,39779,204252
48322,169317,39757,204301
48332,169323,39759,204273
48342,169326,39756,204294
48352,169347,39762,204289
48362,169331,39760,204281
48372,169332,39756,204299
48382,169359,39733,204291
48396,169346,39751,204308
48402,169352,39745,204308
48412,169353,39753,204308
48422,169349,39747,204295
48432,169319,39752,204317
48442,169356,39749,204303
48452,169381,39745,204333
48461,169356,39753,204331
48471,169357,39765,204306
48482,169367,39759,204336
48492,169367,39766,204321
48502,169375,39743,204319
48512,169374,39747,204323
48538,169382,39756,204332
48541,169380,39744,204320
48551,169399,39757,204323
48562,169389,39761,204286
48572,169386,39755,204336
48582,169373,39761,204329
48592,169381,39760,204332
48602,169366,39753,204315
48639,169394,39757,204340
48701,169408,39766,204343
48704,169400,39780,204327
48711,169370,39770,204342
48721,169396,39766,204353
48737,169392,39792,204344
48742,169400,39777,204324
48757,169393,39774,204336
48761,169413,39776,204349
48771,169392,39792,204341
48782,169399,39783,204334
48791,169372,39794,204343
48801,169400,39792,204336
48811,169410,39814,204340
48821,169407,39777,204340
48832,169403,39787,204343
48841,169411,39791,204333
48851,169397,39804,204330
48861,169402,39801,204351
48872,169408,39790,204348
48898,169406,39791,204338
48902,169392,39785,204334
48912,169386,39792,204307
48937,169385,39786,204338
49025,169399,39748,204300
49031,169414,39709,204271
49041,169393,39728,204298
49051,169406,39720,204295
49078,169389,39701,204282
49081,169391,39723,204281
49091,169369,39704,204271
49101,169380,39703,204263
49182,169394,39703,204279
49184,169389,39689,204287
49192,169388,39703,204236
49202,169382,39693,204270
49211,169389,39701,204257
49238,169393,39696,204278
49241,169386,39687,204274
49250,169379,39695,204274
49260,169381,39687,204257
49271,169377,39671,204282
49282,169387,39680,204230
49291,169366,39688,204263
49301,169354,39687,204272
49311,169370,39696,204258
49321,169392,39695,204272
49331,169374,39698,204279
49358,169380,39695,204272
49361,169377,39692,204270
49376,169351,39698,204302
49381,169375,39685,204285
49391,169413,39688,204266
49401,169381,39699,204278
49411,169379,39691,204268
49420,169373,39708,204281
49430,169374,39703,204276
49525,169360,39704,204261
49531,169356,39706,204270
49541,169384,39709,204264
49550,169370,39717,204260
49561,169365,39706,204244
49571,169365,39723,204254
49582,169356,39727,204272
49591,169363,39713,204249
49601,169352,39717,204254
49611,169349,39717,204255
49621,169350,39712,204229
49636,169338,39716,204255
49641,169343,39701,204245
49657,169338,39695,204232
49661,169347,39683,204241
49670,169338,39692,204245
49680,169347,39673,204218
49718,169347,39668,204236
49721,169362,39643,204241
49731,169325,39650,204196
49757,169355,39636,204222
49778,169332,39623,204211
49865,169330,39579,204200
49871,169342,39587,204200
49881,169342,39590,204197
49891,169341,39597,204209
49901,169333,39588,204202
49911,169330,39596,204211
49920,169336,39590,204179
49936,169342,39583,204191
49940,169346,39557,204213
49951,169365,39581,204204
49961,169337,39576,204192
49999,169345,39578,204212
50000,169337,39576,204199
50010,169323,39612,204183
50020,169322,39571,204212
50031,169341,39552,204190
50041,169347,39577,204191
50050,169338,39589,204188
50060,169331,39587,204215
50076,169343,39581,204203
50081,169339,39579,204219
50090,169370,39567,204204
50101,169346,39579,204204
50111,169325,39584,204184
50121,169314,39584,204188
50130,169317,39578,204194
50141,169335,39583,204214
50151,169339,39593,204177
50161,169329,39584,204197
50170,169343,39574,204192
50180,169340,39596,204213
50191,169310,39601,204209
50201,169332,39590,204190
50210,169328,39590,204198
50220,169328,39588,204198
50230,169302,39605,204199
50241,169328,39600,204193
50250,169321,39592,204195
50260,169345,39614,204186
50277,169330,39587,204186
50280,169343,39604,204194
50291,169289,39610,204185
50300,169320,39614,204173
50310,169344,39601,204178
50405,169309,39606,204166
50416,169257,39592,204134
50420,169294,39594,204155
50430,169283,39578,204151
50440,169314,39570,204158
50450,169307,39552,204129
50459,169279,39550,204135
50470,169299,39550,204127
50481,169299,39553,204136
50491,169282,39525,204140
50500,169295,39532,204138
50510,169296,39523,204133
50520,169300,39531,204123
50530,169302,39511,204118
50541,169301,39518,204124
50550,169291,39510,204116
50560,169272,39507,204120
50570,169277,39491,204102
50581,169283,39487,204121
50590,169275,39481,204110
50600,169296,39486,204119
50611,169293,39490,204134
50621,169279,39495,204126
50630,169275,39484,204093
50640,169268,39488,204106
50650,169283,39487,204103
50677,169285,39482,204106
50680,169281,39475,204102
50690,169270,39475,204095
50700,169273,39473,204098
50716,169263,39462,204092
50720,169270,39466,204103
50730,169265,39479,204149
50740,169279,39459,204107
50800,169260,39466,204112
50817,169273,39479,204065
50837,169235,39468,204070
50858,169235,39472,204062
50861,169265,39471,204089
50871,169257,39478,204056
50879,169248,39468,204059
50918,169267,39466,204085
50920,169265,39473,204077
50929,169216,39468,204074
50940,169251,39481,204083
50950,169248,39476,204057
50960,169250,39497,204084
50970,169235,39481,204070
50980,169260,39473,204089
50990,169273,39478,204089
51000,169257,39482,204073
51009,169249,39494,204091
51019,169247,39497,204063
51029,169246,39506,204074
51040,169253,39498,204073
51050,169252,39488,204085
51060,169257,39512,204086
51070,169231,39503,204077
51080,169237,39514,204057
51089,169255,39500,204061
51099,169254,39504,204090
51110,169268,39492,204099
51120,169235,39519,204057
51129,169252,39504,204052
51140,169258,39504,204075
51150,169256,39511,204050
51160,169253,39499,204061
51169,169254,39495,204067
51180,169228,39505,204054
51190,169245,39507,204031
51200,169231,39487,204041
51209,169238,39481,204020
51219,169247,39485,204046
51237,169236,39484,204030
51239,169239,39459,204031
51250,169230,39444,203994
51259,169227,39452,204029
51277,169220,39447,204041
51279,169231,39433,204051
51290,169250,39416,204016
51299,169218,39433,204028
51310,169257,39428,204035
51319,169218,39422,204018
51330,169216,39418,204041
51339,169232,39414,204034
51349,169241,39393,204030
51360,169241,39411,204036
51370,169219,39406,204007
51379,169223,39409,204020
51389,169186,39397,204022
51400,169230,39395,204012
51410,169226,39381,204040
51419,169227,39398,204027
51429,169216,39383,204032
51439,169223,39385,204008
51479,169230,39378,204031
51481,169229,39400,204020
51489,169207,39384,203987
51499,169234,39385,204038
51509,169229,39374,204019
51519,169224,39386,204010
51530,169249,39383,204042
51540,169222,39400,204052
51549,169210,39399,204027
51559,169236,39406,204024
51642,169232,39411,204030
51658,169180,39388,203969
51677,169209,39405,203977
51680,169233,39410,204025
51697,169214,39404,203972
51700,169230,39413,204013
51709,169217,39437,204035
51719,169227,39421,203995
51737,169207,39421,204026
51739,169225,39412,204019
51749,169211,39459,204038
51759,169210,39430,204017
51769,169258,39420,204031
51780,169228,39429,204042
51819,169235,39435,204023
51821,169240,39436,204030
51829,169214,39451,204027
51839,169223,39450,204034
51857,169230,39456,204019
51859,169238,39436,204048
51869,169233,39490,204031
51879,169230,39438,204031
51889,169213,39462,204044
51899,169214,39457,204053
51910,169243,39456,204047
51919,169218,39452,204032
51929,169218,39465,204049
51939,169226,39444,204026
51949,169205,39454,204034
51959,169219,39448,204009
51968,169212,39431,204025
51979,169203,39433,204035
51989,169210,39440,204024
51999,169236,39429,204026
52009,169237,39431,204023
52019,169199,39411,203988
52029,169205,39412,204002
52039,169210,39390,203992
52049,169229,39402,204022
52058,169218,39386,204005
52069,169220,39370,204006
52080,169211,39380,203992
52089,169199,39383,203994
52118,169202,39375,203994
52138,169207,39362,203990
52141,169204,39356,203994
52149,169221,39333,203981
52201,169196,39360,204006
52208,169202,39373,203965
52219,169189,39376,203990
52229,169207,39369,203987
52239,169201,39361,203995
52249,169206,39350,203972
52258,169198,39348,203991
52269,169204,39345,203976
52279,169204,39356,203982
52289,169184,39363,203954
52341,169187,39367,204003
52357,169165,39368,203938
52377,169215,39341,203984
52379,169212,39361,203982
52388,169178,39359,203953
52399,169206,39368,203980
52409,169210,39369,203988
52418,169212,39376,203972
52428,169195,39370,203984
52439,169192,39361,203988
52449,169210,39383,203976
52458,169220,39385,203997
52468,169203,39402,204003
52479,169194,39382,203980
52497,169221,39391,203960
52541,169212,39398,204001
52548,169200,39411,203955
52559,169222,39397,203991
52569,169206,39417,203977
52579,169197,39423,204007
52683,169206,39433,203993
52686,169223,39446,203991
52688,169221,39423,203979
52699,169214,39444,203940
52708,169229,39424,203989
52718,169227,39428,203980
52728,169224,39419,203970
52738,169201,39421,203978
52749,169220,39412,203963
52758,169219,39419,203943
52768,169200,39419,203975
52779,169214,39411,203957
52789,169215,39378,203967
52798,169216,39386,203926
52808,169218,39387,203972
52819,169228,39378,203968
52829,169225,39374,203965
52857,169204,39374,203969
52860,169220,39355,203928
52869,169212,39364,203954
52878,169224,39352,203970
52888,169234,39376,203975
52898,169223,39372,203935
52916,169206,39368,203952
52938,169210,39385,203964
52960,169225,39354,203952
52968,169238,39362,203946
52978,169225,39364,203955
52988,169221,39361,203919
52998,169218,39369,203937
53008,169229,39360,203941
53018,169217,39371,203925
53029,169209,39366,203920
53039,169230,39361,203923
53048,169220,39365,203944
53058,169210,39368,203938
53068,169211,39365,203937
53078,169214,39383,203953
53087,169224,39367,203956
53097,169203,39374,203950
53108,169226,39369,203944
53138,169220,39378,203934
53140,169217,39377,203943
53148,169224,39395,203939
53177,169228,39387,203939
53179,169214,39385,203943
53188,169228,39386,203929
53199,169232,39396,203909
53208,169236,39402,203946
53218,169227,39377,203938
53228,169243,39401,203945
53259,169220,39408,203950
53268,169220,39402,203943
53278,169222,39421,203911
53289,169209,39415,203927
53298,169226,39413,203906
53308,169212,39433,203953
53318,169226,39423,203943
53336,169226,39428,203907
53381,169228,39444,203938
53387,169243,39431,203939
53398,169221,39456,203927
53408,169224,39451,203938
53438,169222,39454,203941
53440,169237,39457,203915
53448,169223,39444,203923
53458,169200,39468,203891
53588,169229,39399,203911
53640,169225,39391,203889
53702,169217,39383,203891
53704,169208,39381,203883
53708,169211,39390,203894
53718,169181,39378,203877
53728,169212,39373,203899
53738,169210,39378,203907
53748,169209,39379,203895
53757,169214,39363,203895
53767,169215,39379,203861
53777,169216,39370,203888
53796,169214,39371,203868
53799,169219,39384,203892
53807,169219,39379,203887
53904,169222,39391,203897
53938,169212,39402,203895
54000,169221,39424,203884
54002,169227,39409,203893
54007,169223,39422,203874
54038,169229,39436,203893
54040,169217,39424,203893
54078,169214,39440,203902
54081,169211,39444,203894
54087,169219,39441,203879
54097,169214,39448,203873
54107,169211,39444,203879
54118,169215,39454,203885
54127,169229,39459,203859
54137,169224,39448,203878
54202,169203,39473,203872
54208,169218,39476,203864
54217,169219,39470,203872
54227,169210,39441,203869
54237,169213,39485,203870
54247,169211,39483,203887
54256,169207,39494,203877
54266,169194,39500,203859
54278,169199,39466,203863
54296,169192,39479,203839
54299,169201,39465,203850
54307,169192,39479,203854
54318,169203,39467,203825
54328,169194,39466,203843
54337,169189,39458,203845
54347,169201,39444,203830
54357,169181,39440,203822
54367,169187,39447,203823
54377,169173,39442,203840
54387,169193,39437,203820
54397,169180,39436,203815
54407,169183,39430,203830
54417,169175,39424,203808
54427,169187,39417,203819
54437,169191,39421,203833
54447,169184,39428,203834
54457,169170,39416,203831
54466,169191,39410,203828
54477,169184,39421,203824
54487,169173,39412,203820
54498,169186,39408,203811
54518,169205,39415,203810
54527,169191,39403,203810
54537,169167,39409,203808
54546,169190,39401,203796
54556,169195,39410,203815
54567,169167,39419,203795
54577,169180,39397,203792
54586,169168,39415,203798
54597,169179,39408,203824
54607,169181,39414,203802
54617,169170,39419,203789
54626,169167,39423,203795
54637,169165,39416,203784
54647,169152,39430,203793
54657,169167,39406,203789
54666,169132,39433,203785
54676,169150,39418,203779
54699,169153,39422,203778
54707,169163,39415,203783
54716,169166,39427,203766
54737,169179,39424,203772
54746,169149,39396,203780
54757,169148,39426,203757
54767,169127,39437,203757
54777,169141,39438,203782
54787,169153,39444,203750
54819,169137,39448,203757
54827,169141,39452,203765
54836,169126,39441,203740
54846,169137,39451,203745
54856,169129,39448,203738
54866,169101,39458,203729
54876,169106,39455,203754
54886,169129,39449,203740
54897,169115,39479,203731
54907,169118,39464,203737
54916,169121,39471,203710
54926,169127,39472,203725
54958,169102,39482,203733
54966,169102,39479,203733
54977,169094,39481,203698
54987,169091,39485,203702
54997,169094,39489,203713
55006,169070,39471,203697
55016,169092,39490,203711
55026,169084,39484,203687
55037,169083,39487,203680
55046,169086,39508,203694
55056,169044,39515,203679
55066,169066,39494,203668
55078,169062,39515,203671
55126,169052,39504,203680
55136,169049,39506,203644
55146,169040,39503,203640
55157,169034,39492,203652
55178,169030,39484,203634
55186,169037,39463,203626
55197,169024,39437,203628
55217,169037,39458,203634
55226,169024,39462,203619
55236,169036,39444,203628
55246,169026,39456,203607
55256,169019,39441,203609
55266,169023,39433,203633
55276,169038,39436,203589
55286,169023,39431,203603
55296,169006,39413,203602
55404,168981,39406,203576
55407,168987,39421,203570
55416,168977,39435,203536
55426,168982,39417,203539
55436,168963,39410,203541
55458,168971,39423,203562
55478,168968,39410,203535
55486,168965,39414,203535
55497,168957,39412,203522
55505,168943,39410,203524
55517,168941,39427,203500
55526,168946,39427,203525
55536,168935,39440,203489
55546,168924,39423,203511
55556,168938,39431,203498
55566,168927,39433,203509
55577,168916,39423,203481
55586,168911,39437,203489
55596,168934,39440,203491
55606,168909,39431,203459
55616,168907,39445,203469
55625,168918,39435,203461
55637,168879,39446,203488
55646,168904,39449,203473
55656,168894,39454,203455
55678,168870,39446,203441
55699,168880,39447,203437
55706,168861,39450,203416
55715,168857,39457,203412
55725,168851,39445,203394
55736,168850,39468,203404
55746,168845,39449,203379
55755,168852,39472,203384
55765,168812,39462,203372
55776,168828,39481,203378
55797,168815,39460,203383
55806,168811,39478,203363
55816,168819,39474,203359
55826,168803,39485,203341
55835,168787,39496,203316
55846,168790,39477,203358
55856,168800,39478,203323
55866,168761,39499,203310
55876,168765,39494,203317
55897,168767,39506,203329
55917,168754,39493,203302
55938,168733,39505,203292
55946,168737,39516,203282
55956,168747,39516,203275
55965,168720,39524,203265
55975,168724,39504,203260
55985,168706,39522,203244
56040,168696,39525,203214
56045,168681,39518,203215
56055,168666,39517,203165
56065,168636,39521,203189
56099,168629,39510,203173
56105,168649,39483,203154
56116,168632,39484,203145
56125,168635,39488,203129
56135,168624,39482,203139
56145,168605,39465,203123
56155,168603,39472,203120
56166,168603,39468,203123
56175,168592,39456,203098
56185,168590,39457,203114
56196,168609,39445,203093
56205,168583,39435,203069
56215,168581,39451,203088
56225,168574,39445,203083
56235,168562,39438,203090
56246,168563,39435,203091
56255,168546,39415,203062
56265,168553,39427,203044
56275,168543,39418,203055
56286,168538,39425,203056
56295,168527,39437,203052
56305,168522,39413,203046
56315,168514,39412,203037
56325,168516,39428,202985
56335,168481,39422,203026
56345,168503,39434,202995
56355,168493,39430,203014
56377,168490,39422,202991
56425,168438,39435,202945
56435,168421,39423,202944
56445,168415,39424,202931
56455,168430,39429,202930
56464,168406,39435,202913
56475,168408,39416,202902
56485,168415,39426,202889
56496,168393,39418,202874
56505,168371,39442,202882
56515,168366,39431,202877
56525,168382,39438,202861
56537,168356,39442,202822
56545,168351,39437,202879
56555,168343,39432,202848
56565,168337,39454,202824
56577,168325,39448,202826
56584,168323,39445,202824
56597,168315,39446,202826
56605,168297,39442,202817
56615,168302,39454,202811
56625,168283,39457,202793
56635,168289,39457,202793
56658,168272,39439,202791
56665,168263,39462,202764
56674,168245,39463,202756
56684,168234,39464,202748
56695,168225,39466,202750
56705,168224,39471,202729
56714,168199,39480,202721
56725,168213,39475,202718
56735,168214,39473,202705
56758,168194,39462,202706
56822,168146,39482,202651
56837,168114,39492,202643
56845,168129,39501,202599
56855,168114,39497,202595
56865,168103,39494,202579
56875,168072,39499,202578
56884,168068,39500,202571
56895,168077,39509,202571
56905,168057,39505,202524
56940,168040,39508,202528
56945,168028,39505,202528
56955,168025,39498,202508
56978,167987,39497,202485
56985,167986,39506,202470
56995,167982,39495,202459
57004,167976,39487,202440
57014,167965,39492,202430
57024,167951,39479,202420
57058,167932,39458,202375
57104,167895,39429,202345
57117,167902,39433,202337
57125,167890,39431,202321
57134,167859,39419,202296
57144,167844,39406,202301
57157,167863,39423,202278
57165,167834,39406,202278
57174,167823,39405,202243
57184,167802,39409,202239
57241,167762,39387,202212
57245,167769,39396,202192
57257,167730,39384,202188
57264,167748,39384,202186
57274,167740,39389,202171
57284,167723,39389,202151
57340,167679,39397,202089
57344,167677,39386,202101
57354,167650,39385,202073
57365,167653,39374,202053
57375,167641,39369,202039
57384,167608,39384,202025
57418,167608,39368,202013
57438,167594,39387,201997
57444,167567,39368,201971
57454,167571,39383,201945
57463,167552,39377,201965
57474,167550,39373,201937
57485,167528,39377,201937
57495,167527,39370,201918
57504,167497,39381,201915
57514,167519,39384,201909
57747,167319,39407,201696
57757,167259,39429,201637
57764,167290,39415,201657
57799,167281,39420,201618
57804,167276,39420,201624
57814,167242,39424,201623
57824,167254,39437,201611
57859,167229,39425,201570
57864,167211,39424,201566
57874,167205,39423,201545
57884,167193,39423,201514
57894,167177,39426,201544
57904,167186,39409,201506
57914,167166,39402,201500
57923,167156,39397,201497
57959,167165,39379,201484
57963,167154,39369,201481
57973,167181,39366,201452
57984,167146,39361,201453
57994,167140,39348,201450
58003,167124,39346,201427
58013,167108,39349,201411
58024,167100,39344,201427
58034,167096,39343,201389
58043,167090,39310,201402
58054,167081,39330,201396
58064,167073,39322,201366
58077,167068,39317,201365
58083,167076,39305,201356
58094,167060,39303,201350
58103,167056,39311,201344
58113,167049,39306,201328
58125,167037,39297,201330
58134,167034,39308,201318
58144,167004,39300,201306
58179,167007,39297,201270
58184,166993,39287,201261
58194,167016,39310,201230
58203,166982,39286,201229
58213,166963,39295,201218
58224,166942,39298,201217
58234,166945,39284,201219
58244,166940,39285,201204
58253,166919,39276,201180
58263,166926,39259,201179
58342,166868,39271,201131
58345,166854,39287,201107
58444,166782,39294,201033
58447,166784,39295,201025
58454,166768,39305,200998
58462,166765,39294,201017
58473,166761,39291,200999
58484,166758,39289,201001
58494,166746,39291,200988
58503,166733,39298,200963
58513,166719,39308,200973
58523,166726,39302,200961
58538,166692,39305,200949
58542,166709,39304,200965
58557,166701,39296,200934
58563,166681,39302,200947
58573,166681,39309,200937
58583,166658,39297,200916
58597,166660,39294,200904
58603,166664,39311,200906
58613,166616,39322,200904
58623,166638,39316,200888
58637,166631,39302,200871
58643,166615,39321,200875
58654,166598,39319,200872
58663,166613,39312,200850
58673,166587,39328,200854
58683,166600,39319,200830
58697,166563,39312,200844
58718,166560,39321,200825
58723,166547,39336,200830
58733,166559,39326,200802
58743,166544,39311,200800
58757,166532,39336,200805
58778,166509,39336,200770
58783,166514,39320,200763
58819,166488,39318,200747
58823,166473,39297,200755
58833,166494,39296,200734
58857,166459,39291,200755
58921,166409,39237,200718
58923,166411,39243,200710
58932,166433,39238,200680
58943,166363,39218,200700
58979,166362,39207,200663
58983,166356,39218,200663
58993,166316,39205,200645
59003,166321,39207,200675
59013,166324,39205,200647
59023,166337,39194,200645
59033,166319,39173,200637
59042,166303,39199,200638
59052,166279,39198,200603
59063,166257,39196,200606
59073,166275,39195,200583
59083,166268,39195,200581
59093,166247,39196,200584
59103,166242,39175,200556
59113,166234,39184,200557
59123,166211,39176,200548
59132,166190,39180,200524
59143,166187,39179,200505
59153,166159,39174,200511
59163,166163,39174,200469
59176,166156,39168,200466
59182,166152,39152,200464
59193,166133,39167,200467
59203,166133,39162,200436
59212,166121,39168,200413
59222,166114,39155,200425
59233,166104,39153,200398
59243,166076,39167,200385
59252,166065,39153,200355
59262,166050,39170,200359
59321,166003,39168,200333
59323,165996,39163,200312
59333,165963,39210,200236
59342,165957,39156,200273
59353,165948,39179,200258
59362,165959,39158,200234
59373,165945,39155,200234
59383,165905,39173,200198
59393,165922,39163,200217
59403,165884,39162,200194
59413,165894,39161,200180
59422,165881,39158,200180
59432,165862,39169,200166
59443,165871,39171,200176
59453,165855,39162,200147
59462,165847,39175,200133
59472,165836,39189,200128
59482,165829,39180,200122
59492,165801,39179,200110
59502,165820,39163,200098
59512,165798,39154,200081
59523,165786,39181,200089
59533,165782,39177,200073
59542,165776,39170,200055
59552,165750,39172,200044
59562,165722,39176,200015
59572,165736,39188,200028
59583,165733,39184,200004
59592,165725,39191,199991
59602,165682,39188,199994
59612,165691,39182,199994
59622,165690,39194,199978
59631,165666,39190,199977
59658,165672,39187,199953
59677,165656,39198,199928
59682,165630,39198,199936
59692,165601,39206,199929
59703,165613,39203,199920
59712,165615,39209,199892
59722,165585,39200,199893
59733,165592,39200,199878
59743,165592,39191,199883
59752,165576,39181,199854
59762,165565,39190,199862
59776,165580,39179,199871
59783,165574,39167,199879
59797,165553,39155,199865
59802,165548,39148,199855
59812,165579,39145,199842
59822,165531,39137,199829
59832,165521,39128,199821
59842,165544,39129,199792
59852,165515,39108,199801
59862,165514,39107,199785
59872,165500,39099,199788
59882,165472,39095,199764
59892,165475,39090,199738
59902,165460,39066,199766
59913,165466,39066,199740
59922,165461,39073,199734
59932,165422,39076,199719
59942,165434,39063,199723
59952,165423,39054,199697
59962,165409,39056,199702
59972,165405,39048,199699
59982,165397,39046,199667
59992,165383,39046,199633
60002,165352,39043,199654
60012,165367,39023,199625
60022,165339,39046,199601
60032,165340,39041,199607
60042,165330,39012,199587
60056,165317,39044,199590
60102,165271,39015,199552
60139,165260,39022,199517
60142,165242,39007,199500
60152,165222,39001,199466
60163,165203,39001,199482
60172,165211,39013,199483
60182,165201,39015,199471
60192,165187,39035,199452
60202,165176,39007,199447
60211,165165,39011,199422
60221,165171,39024,199415
60231,165152,39022,199405
60242,165132,39014,199413
60252,165117,39001,199396
60261,165114,39025,199376
60272,165103,39026,199395
60282,165094,39013,199358
60291,165090,39010,199341
60302,165064,39032,199337
60312,165056,39019,199338
60322,165067,39025,199323
60332,165058,39017,199324
60341,165023,39028,199315
60356,165030,39010,199296
60362,165013,39025,199287
60372,164992,39031,199265
60381,165009,39012,199262
60392,164968,39033,199255
60401,164966,39030,199235
60412,164966,39026,199213
60422,164949,39032,199204
60432,164928,39038,199195
60458,164934,39032,199180
60478,164865,39036,199145
60481,164885,39039,199149
60491,164872,39041,199132
60501,164871,39029,199120
60511,164871,39030,199114
60522,164849,39041,199104
60532,164837,39050,199092
60541,164829,39057,199091
60551,164816,39065,199058
60562,164807,39053,199061
60572,164814,39056,199034
60582,164776,39052,199034
60591,164765,39059,199023
60602,164757,39060,199022
60612,164756,39051,198992
60622,164721,39057,198986
60631,164737,39053,198994
60641,164723,39063,198965
60652,164703,39057,198962
60661,164702,39062,198934
60671,164711,39047,198948
60681,164687,39060,198922
60691,164688,39053,198925
60702,164688,39039,198926
60760,164663,39010,198879
60763,164642,39000,198874
60777,164656,38991,198843
60781,164635,38980,198849
60791,164647,38975,198844
60801,164608,38963,198849
60811,164599,38962,198798
60821,164568,38971,198822
60831,164576,38958,198778
60841,164559,38946,198775
60851,164530,38937,198768
60878,164537,38926,198744
60898,164490,38915,198766
60943,164453,38908,198656
60952,164457,38897,198633
60961,164433,38902,198614
60971,164399,38895,198590
60981,164399,38884,198583
60991,164376,38889,198568
61001,164390,38892,198540
61011,164351,38888,198542
61021,164353,38890,198557
61032,164334,38883,198542
61041,164320,38881,198508
61051,164319,38870,198494
61061,164297,38883,198495
61071,164283,38881,198488
61082,164291,38879,198463
61091,164276,38881,198430
61100,164241,38880,198445
61118,164252,38873,198424
61121,164244,38865,198417
61130,164220,38867,198436
61141,164210,38877,198390
61151,164186,38881,198364
61161,164181,38885,198329
61170,164176,38879,198348
61181,164171,38862,198329
61191,164164,38878,198323
61201,164148,38863,198310
61210,164131,38881,198297
61221,164107,38864,198294
61231,164098,38883,198262
61241,164087,38874,198264
61250,164088,38889,198235
61260,164066,38867,198223
61271,164055,38885,198230
61281,164052,38884,198202
61291,164045,38878,198211
61300,164017,38895,198202
61311,164019,38892,198166
61337,163998,38879,198153
61340,163989,38877,198131
61350,163990,38878,198153
61361,163974,38883,198112
61372,163936,38907,198101
61380,163959,38902,198097
61391,163931,38883,198098
61401,163947,38888,198087
61460,163883,38893,198027
61462,163864,38907,198014
61471,163815,38929,197980
61480,163850,38891,198003
61490,163857,38913,197990
61500,163837,38896,197979
61511,163811,38921,197953
61538,163820,38914,197945
61541,163786,38910,197944
61550,163776,38930,197966
61560,163780,38932,197899
61599,163743,38932,197885
61601,163750,38930,197878
61610,163705,38900,197865
61621,163733,38931,197870
61630,163727,38925,197854
61640,163724,38918,197841
61651,163712,38900,197838
61677,163709,38909,197822
61680,163697,38881,197825
61698,163673,38879,197852
61700,163683,38860,197810
61760,163633,38834,197749
61763,163646,38824,197747
61770,163648,38812,197719
61781,163617,38797,197719
61791,163583,38821,197707
61800,163587,38799,197670
61810,163570,38792,197686
61820,163575,38778,197662
61831,163557,38779,197661
61840,163561,38781,197641
61850,163537,38787,197662
61861,163524,38778,197619
61871,163521,38773,197616
61880,163514,38768,197586
61919,163468,38767,197562
61921,163471,38772,197567
61930,163466,38778,197513
61941,163430,38773,197526
61951,163420,38779,197514
61960,163413,38780,197508
62081,163294,38756,197362
62083,163253,38756,197342
62089,163249,38740,197315
62100,163219,38761,197318
62161,163180,38745,197277
62163,163168,38747,197243
62170,163159,38773,197193
62180,163149,38744,197203
62190,163127,38762,197206
62200,163120,38772,197189
62209,163093,38752,197199
62220,163105,38746,197181
62237,163089,38765,197126
62240,163072,38764,197161
62250,163077,38758,197087
62259,163071,38779,197117
62270,163034,38743,197095
62280,163035,38764,197086
62290,163020,38755,197091
62318,163012,38779,197051
62338,162952,38794,197024
62340,162968,38773,197039
62349,162949,38785,196983
62360,162945,38787,197003
62420,162895,38783,196967
62423,162883,38797,196933
62430,162876,38797,196900
62440,162867,38795,196924
62450,162874,38816,196915
62459,162849,38785,196906
62470,162846,38792,196890
62479,162808,38807,196850
62490,162797,38805,196869
62500,162792,38812,196823
62510,162775,38813,196858
62520,162763,38795,196847
62530,162753,38810,196816
62540,162761,38827,196805
62549,162692,38808,196811
62559,162748,38795,196828
62569,162741,38783,196816
62580,162748,38790,196805
62590,162729,38788,196803
62600,162741,38777,196786
62610,162734,38771,196772
62620,162698,38762,196776
62681,162657,38721,196709
62683,162648,38721,196698
62690,162612,38698,196699
62718,162614,38711,196657
62721,162603,38701,196645
62730,162560,38714,196609
62740,162536,38699,196616
62750,162534,38685,196602
62759,162556,38667,196589
62770,162509,38659,196567
62780,162528,38683,196540
62790,162506,38683,196552
62799,162487,38695,196532
62817,162483,38685,196517
62820,162471,38674,196525
62830,162443,38701,196459
62839,162431,38683,196466
62849,162422,38672,196475
62859,162400,38679,196456
62869,162409,38674,196422
62879,162387,38653,196415
62889,162375,38662,196430
62900,162357,38664,196394
62916,162352,38665,196381
62919,162347,38671,196375
62929,162335,38653,196346
62940,162307,38671,196326
62950,162289,38682,196338
62959,162279,38666,196316
62969,162261,38667,196294
62998,162249,38664,196274
63000,162227,38674,196252
63009,162209,38680,196254
63020,162199,38668,196224
63030,162202,38673,196196
63040,162151,38679,196191
63049,162149,38670,196162
63059,162150,38674,196185
63069,162139,38669,196180
63080,162124,38663,196148
63089,162087,38672,196139
63099,162097,38667,196154
63109,162080,38680,196120
63119,162071,38671,196122
63129,162050,38673,196089
63182,162017,38679,196035
63189,161997,38684,196017
63199,161999,38683,196017
63208,161946,38678,196004
63262,161929,38702,195975
63269,161926,38673,195948
63279,161907,38697,195957
63290,161899,38704,195913
63299,161873,38706,195914
63309,161864,38708,195910
63319,161872,38688,195901
63329,161852,38723,195872
63339,161850,38710,195879
63349,161834,38719,195852
63359,161814,38710,195852
63369,161816,38720,195850
63379,161807,38708,195812
63389,161796,38716,195802
63399,161781,38717,195813
63409,161773,38710,195801
63418,161773,38714,195780
63428,161776,38713,195807
63439,161778,38704,195778
63449,161774,38692,195774
63458,161748,38686,195753
63468,161739,38685,195751
63479,161753,38672,195746
63497,161724,38657,195731
63500,161708,38657,195709
63509,161684,38673,195695
63519,161696,38641,195677
63529,161670,38645,195674
63539,161658,38635,195648
63549,161651,38636,195641
63559,161637,38632,195615
63577,161605,38617,195609
63580,161613,38611,195587
63588,161601,38598,195573
63599,161571,38609,195562
63609,161578,38612,195535
63619,161541,38604,195517
63628,161545,38596,195516
63638,161529,38597,195492
63648,161525,38601,195480
63659,161507,38576,195467
63668,161499,38572,195437
63722,161430,38587,195373
63729,161416,38573,195368
63739,161402,38614,195326
63749,161373,38592,195334
63758,161344,38586,195320
63768,161361,38569,195295
63779,161353,38578,195298
63789,161343,38573,195277
63798,161301,38587,195275
63817,161323,38589,195251
63819,161307,38585,195255
63829,161286,38602,195250
63882,161220,38584,195178
63888,161205,38572,195116
63898,161221,38577,195137
63909,161200,38611,195136
63918,161167,38607,195107
64024,161081,38602,195025
64027,161064,38597,195015
64029,161052,38618,194973
64039,161060,38599,194963
64048,161049,38621,194986
64059,161016,38633,194945
64069,161013,38622,194975
64079,160983,38621,194956
64088,161003,38608,194920
64098,160975,38639,194929
64108,160990,38607,194899
64118,160972,38635,194909
64128,160968,38636,194895
64139,160963,38624,194896
64148,160951,38631,194872
64159,160926,38627,194863
64168,160933,38635,194825
64178,160915,38635,194841
64218,160890,38631,194802
64221,160897,38653,194808
64228,160869,38665,194801
64282,160824,38659,194738
64288,160820,38658,194738
64298,160809,38655,194699
64317,160812,38649,194698
64320,160790,38649,194696
64328,160784,38635,194694
64358,160789,38621,194683
64360,160778,38631,194684
64368,160775,38581,194660
64397,160735,38595,194630
64400,160725,38596,194633
64408,160716,38588,194586
64418,160702,38596,194598
64428,160697,38576,194577
64438,160668,38572,194581
64448,160672,38575,194556
64458,160640,38568,194520
64468,160657,38564,194517
64478,160621,38562,194490
64488,160622,38554,194467
64498,160602,38550,194477
64507,160581,38539,194438
64518,160576,38533,194460
64528,160580,38544,194411
64539,160560,38543,194387
64548,160537,38534,194410
64558,160547,38525,194361
64568,160520,38537,194348
64579,160487,38546,194343
64596,160484,38538,194348
64642,160443,38532,194284
64746,160312,38526,194106
64757,160314,38527,194111
64844,160204,38531,193995
64847,160194,38531,193982
64857,160169,38531,193962
64868,160181,38529,193954
64899,160153,38543,193912
64908,160126,38548,193895
64917,160112,38547,193875
64928,160097,38535,193887
64937,160083,38548,193822
64948,160084,38566,193841
64958,160087,38543,193821
64967,160070,38565,193821
64977,160087,38544,193808
64987,160058,38568,193811
64998,160052,38552,193797
65007,160044,38570,193780
65017,160044,38569,193760
65027,160028,38578,193773
65037,160029,38559,193767
65047,160001,38566,193738
65058,160007,38568,193730
65068,160004,38582,193714
65078,160004,38582,193697
65098,159978,38590,193685
65117,159983,38571,193660
65183,159927,38601,193609
65187,159927,38593,193578
65197,159918,38582,193585
65216,159912,38591,193559
65219,159901,38576,193551
65227,159915,38594,193562
65238,159904,38577,193530
65248,159909,38569,193532
65257,159904,38557,193492
65267,159869,38577,193511
65277,159893,38547,193492
65328,159839,38513,193408
65337,159823,38521,193375
65427,159745,38478,193212
65437,159734,38476,193200
65447,159723,38466,193174
65458,159711,38485,193150
65467,159700,38465,193133
65477,159698,38482,193113
65487,159698,38474,193108
65498,159696,38479,193060
65507,159676,38480,193062
65517,159681,38475,193035
65527,159682,38467,193028
65537,159678,38469,192989
65546,159677,38466,192990
65556,159672,38474,192957
65567,159659,38468,192957
65578,159673,38465,192918
65642,159657,38456,192823
65647,159653,38478,192822
65657,159632,38464,192788
65666,159635,38469,192777
65700,159629,38470,192734
65707,159628,38477,192704
65716,159646,38477,192697
65726,159625,38461,192669
65738,159619,38460,192672
65748,159616,38467,192647
65757,159625,38483,192600
65767,159613,38467,192618
65777,159619,38480,192594
65827,159599,38491,192523
65860,159601,38477,192464
65877,159613,38487,192437
65886,159594,38485,192446
65897,159593,38489,192423
65918,159589,38499,192383
65926,159595,38498,192377
65937,159605,38489,192350
65947,159588,38491,192321
65957,159577,38513,192307
65978,159599,38500,192322
66097,159575,38532,192155
66141,159583,38508,192109
66159,159587,38485,192066
66178,159579,38475,192052
66198,159581,38465,192036
66262,159526,38435,191921
66266,159531,38425,191890
66276,159513,38428,191884
66286,159515,38437,191837
66295,159501,38427,191814
66306,159506,38418,191808
66317,159505,38419,191780
66327,159498,38408,191774
66337,159490,38395,191759
66346,159486,38416,191750
66356,159485,38404,191718
66366,159478,38380,191706
66377,159455,38410,191702
66386,159463,38399,191674
66396,159452,38399,191633
66406,159437,38402,191626
66416,159416,38407,191630
66426,159432,38398,191600
66459,159417,38402,191560
66466,159414,38387,191532
66476,159396,38400,191515
66486,159408,38406,191483
66496,159408,38392,191469
66505,159408,38391,191450
66516,159410,38394,191434
66539,159385,38389,191409
66546,159370,38402,191382
66556,159359,38391,191359
66566,159371,38394,191342
66576,159357,38360,191331
66585,159359,38393,191302
66596,159353,38395,191286
66605,159349,38388,191286
66616,159360,38392,191267
66626,159337,38392,191243
66636,159326,38401,191244
66659,159322,38404,191207
66706,159284,38395,191128
66716,159278,38407,191109
66725,159278,38409,191071
66736,159281,38389,191083
66746,159256,38407,191054
66756,159265,38408,191058
66766,159264,38421,191035
66776,159258,38409,191011
66786,159235,38420,190986
66795,159240,38414,190977
66805,159241,38424,190963
66816,159230,38410,190938
66826,159213,38411,190933
66837,159208,38422,190922
66846,159221,38419,190908
66858,159195,38436,190899
66878,159209,38410,190873
66997,159129,38438,190722
67041,159141,38413,190690
67059,159136,38419,190674
67106,159094,38366,190597
67116,159102,38380,190568
67125,159074,38361,190533
67135,159079,38350,190525
67145,159061,38344,190510
67156,159066,38344,190497
67177,159036,38324,190462
67186,159048,38338,190446
67196,159022,38340,190428
67206,159026,38330,190413
67215,158989,38339,190387
67225,159011,38323,190366
67235,158998,38329,190349
67245,159001,38304,190320
67255,158999,38308,190332
67265,158973,38323,190282
67276,158965,38297,190264
67286,158956,38311,190248
67295,158925,38315,190233
67305,158935,38309,190211
67315,158943,38307,190206
67326,158934,38308,190193
67335,158923,38311,190165
67345,158901,38306,190159
67356,158932,38290,190130
67366,158918,38315,190134
67375,158904,38311,190093
67385,158900,38308,190084
67395,158893,38297,190070
67405,158866,38297,190061
67415,158881,38315,190024
67425,158853,38299,190022
67436,158849,38302,190015
67458,158858,38293,189972
67465,158842,38306,189963
67475,158832,38286,189931
67485,158838,38298,189929
67495,158800,38309,189923
67518,158819,38303,189879
67582,158770,38298,189808
67584,158768,38295,189796
67594,158759,38312,189788
67645,158737,38313,189719
67655,158710,38305,189696
67666,158698,38307,189689
67675,158724,38328,189688
67742,158694,38314,189611
67745,158690,38328,189600
67754,158671,38346,189626
67764,158672,38317,189590
67864,158717,38349,189581
67867,158748,38359,189594
67877,158766,38341,189617
67884,158813,38352,189661
67894,158858,38357,189705
67905,158925,38358,189746
67917,158986,38345,189827
67925,159057,38368,189869
68025,158908,38363,189640
68027,158924,38356,189604
68035,158938,38362,189611
68045,158944,38359,189622
68057,158911,38356,189595
68189,158302,38349,188957
68286,157989,38343,188550
68365,157970,38369,188552
68375,157961,38353,188533
68384,157949,38381,188576
68397,157951,38368,188592
68405,157940,38382,188586
68415,157927,38372,188600
68424,157951,38390,188602
68434,157957,38363,188627
68444,157952,38387,188639
68454,157952,38391,188646
68464,157921,38408,188663
68474,157937,38401,188680
68484,157959,38376,188682
68495,157962,38386,188710
68561,158047,38430,188848
68579,158067,38434,188933
68598,158060,38439,188931
68604,158051,38442,188934
68618,158061,38439,188936
68625,158062,38449,188943
68745,157297,38432,188567
68748,157159,38435,188429
68754,157216,38429,188483
68763,157344,38437,188659
68774,157523,38433,188770
68785,157663,38449,188888
68794,157759,38442,188970
68803,157731,38438,188941
68814,157682,38433,188904
68825,157690,38433,188869
68837,157675,38437,188885
68844,157669,38408,188883
68857,157639,38403,188833
68904,157428,38347,188748
68914,157432,38340,188751
68923,157471,38354,188725
68933,157490,38341,188748
68944,157490,38341,188789
68955,157527,38324,188784
68963,157495,38329,188687
68973,157387,38322,188641
68983,157284,38303,188613
68994,157200,38288,188595
69004,157229,38298,188676
69018,157330,38305,188803
69024,157516,38316,188994
69034,157756,38311,189229
69043,158009,38322,189461
69054,158262,38329,189757
69064,158523,38344,190039
69074,158819,38353,190363
69084,159175,38355,190729
69120,160375,38418,191978
69124,160682,38415,192248
69138,160912,38440,192448
69143,161226,38464,192705
69154,161520,38454,192978
69164,161788,38472,193245
69173,162003,38472,193500
69183,162257,38468,193784
69194,162472,38482,194056
69204,162570,38502,194179
69213,162619,38502,194253
69224,162610,38507,194243
69234,162574,38501,194220
69244,162499,38513,194139
69253,162423,38507,194079
69263,162347,38509,194015
69273,162291,38506,193968
69283,162275,38524,193984
69293,162260,38516,194005
69303,162298,38518,194053
69314,162328,38490,194087
69324,162349,38518,194131
69333,162397,38522,194182
69343,162425,38528,194250
69353,162486,38534,194314
69403,162784,38522,194701
69414,162817,38536,194757
69438,162780,38527,194712
69444,162777,38531,194699
69454,162736,38537,194677
69478,162714,38527,194673
69484,162688,38521,194679
69541,162710,38523,194719
69544,162701,38519,194694
69553,162691,38518,194699
69563,162722,38533,194713
69573,162695,38535,194710
69583,162712,38531,194727
69593,162689,38519,194680
69603,162677,38529,194689
69614,162647,38531,194667
69623,162649,38530,194619
69633,162622,38536,194619
69643,162595,38526,194607
69654,162596,38514,194596
69663,162599,38507,194566
69673,162606,38502,194594
69683,162615,38506,194569
69694,162625,38495,194611
69704,162642,38503,194608
69716,162624,38482,194632
69723,162607,38484,194582
69734,162552,38484,194563
69757,162481,38446,194462
69763,162432,38447,194386
69773,162378,38450,194345
69784,162365,38415,194303
69793,162316,38409,194277
69803,162290,38420,194261
69813,162281,38416,194250
69823,162264,38410,194213
69859,162190,38390,194114
69863,162153,38383,194086
69873,162179,38386,194077
69883,162138,38385,194069
69893,162118,38377,194067
69903,162118,38369,194036
69939,162082,38361,193988
69943,162052,38354,193960
69954,162019,38353,193922
69963,162005,38366,193923
69973,162009,38351,193907
69983,161990,38361,193869
69993,161966,38355,193837
70003,161945,38354,193835
70013,161949,38342,193830
70023,161946,38345,193815
70033,161918,38345,193796
70042,161859,38342,193745
70052,161802,38350,193670
70063,161724,38344,193598
70073,161657,38346,193535
70083,161629,38334,193459
70093,161611,38326,193411
70103,161580,38341,193416
70113,161586,38317,193399
70123,161603,38325,193397
70132,161588,38338,193409
70142,161601,38328,193408
70157,161634,38326,193428
70163,161622,38330,193431
70172,161599,38330,193414
70183,161588,38329,193388
70219,161502,38309,193287
70222,161477,38318,193266
70232,161441,38323,193220
70243,161416,38320,193208
70252,161419,38315,193196
70262,161414,38298,193204
70272,161417,38314,193179
70283,161398,38313,193174
70292,161406,38321,193178
70302,161398,38315,193158
70312,161396,38305,193167
70323,161384,38313,193132
70333,161359,38318,193136
70342,161374,38328,193102
70353,161391,38308,193130
70363,161394,38337,193163
70373,161397,38327,193186
70383,161456,38329,193214
70393,161470,38328,193225
70403,161496,38325,193263
70413,161506,38343,193299
70422,161518,38343,193302
70432,161494,38344,193286
70442,161513,38312,193294
70452,161511,38353,193310
70462,161510,38346,193278
70473,161492,38337,193298
70483,161482,38345,193266
70493,161479,38349,193289
70502,161474,38329,193284
70512,161470,38344,193283
70523,161450,38355,193272
70533,161416,38356,193286
70542,161436,38349,193299
70552,161461,38342,193281
70562,161463,38343,193325
70573,161476,38364,193340
70583,161527,38348,193386
70593,161542,38342,193414
70602,161589,38347,193451
70613,161619,38327,193490
70623,161628,38331,193508
70632,161649,38318,193532
70642,161655,38301,193549
70653,161676,38298,193572
70662,161672,38307,193602
70672,161721,38297,193625
70682,161740,38289,193676
70693,161794,38271,193699
70703,161800,38290,193766
70712,161834,38293,193816
70722,161862,38276,193811
70732,161882,38275,193866
70743,161881,38271,193866
70752,161908,38270,193927
70762,161929,38266,193941
70772,161948,38272,193955
70782,161954,38268,193988
70792,161930,38265,194001
70802,161948,38269,193991
70813,161958,38263,194011
70823,161965,38272,194004
70837,161967,38265,194053
70858,161990,38266,194051
70863,162009,38243,194069
70873,161984,38250,194060
70882,162034,38264,194085
70892,162017,38274,194082
70902,162030,38261,194088
70912,162043,38265,194085
70922,162051,38244,194097
70932,162046,38254,194090
70942,162045,38268,194097
70952,162035,38267,194083
70962,162044,38265,194083
70972,162051,38262,194102
70982,162074,38268,194104
70992,162094,38266,194119
71002,162101,38262,194139
71012,162090,38264,194126
71022,162118,38273,194120
71032,162124,38263,194121
71042,162108,38253,194137
71052,162098,38264,194131
71062,162129,38275,194121
71072,162130,38277,194139
71083,162149,38263,194146
71092,162152,38278,194155
71102,162180,38267,194171
71112,162203,38282,194212
71123,162239,38279,194265
71132,162256,38300,194317
71142,162302,38293,194352
71152,162360,38279,194386
71162,162340,38295,194414
71171,162358,38288,194416
71182,162367,38306,194451
71192,162377,38339,194458
71202,162410,38282,194468
71212,162399,38318,194507
71222,162417,38310,194520
71238,162441,38319,194548
71242,162461,38330,194575
71251,162496,38326,194559
71262,162472,38326,194603
71277,162487,38337,194587
71282,162487,38345,194618
71319,162520,38345,194658
71362,162573,38374,194731
71378,162588,38389,194706
71381,162580,38386,194755
71397,162538,38378,194723
71402,162577,38385,194726
71412,162620,38403,194733
"Disconnected,",reason,=,0x8