Sample Count,Green1 Count,Green2 Count,Acceleration X (g),Acceleration Y (g),Acceleration Z (g),Heart Rate (bpm),HR Confidence (%),Activity
1,107309,107015,-0.279,0.248,0.916,60,0,OTHER
2,193538,172239,-0.277,0.24,0.929,60,0,OTHER
3,176219,155679,-0.271,0.235,0.94,60,0,OTHER
4,171434,151493,-0.268,0.233,0.94,60,0,OTHER
5,166364,147070,-0.266,0.235,0.931,60,0,OTHER
6,166265,147011,-0.264,0.237,0.926,60,0,OTHER
7,166180,146957,-0.264,0.239,0.922,60,0,OTHER
8,166120,146910,-0.265,0.242,0.918,60,0,OTHER
9,166075,146853,-0.268,0.242,0.92,60,0,OTHER
10,166034,146818,-0.272,0.24,0.926,60,0,OTHER
11,165994,146759,-0.276,0.238,0.928,60,0,OTHER
12,165979,146708,-0.277,0.238,0.928,60,0,OTHER
13,165956,146651,-0.273,0.239,0.925,60,0,OTHER
14,165965,146602,-0.271,0.24,0.921,60,0,OTHER
15,165982,146534,-0.272,0.239,0.922,60,0,OTHER
16,166001,146495,-0.272,0.238,0.924,60,0,OTHER
17,166005,146453,-0.272,0.239,0.924,60,0,OTHER
18,166006,146398,-0.272,0.242,0.924,60,0,OTHER
19,165912,146289,-0.272,0.243,0.926,60,0,OTHER
20,165751,146150,-0.275,0.242,0.928,60,0,OTHER
21,165624,146019,-0.279,0.24,0.927,60,0,OTHER
22,165541,145907,-0.28,0.239,0.924,60,0,OTHER
23,165456,145809,-0.278,0.24,0.921,60,0,OTHER
24,165415,145708,-0.277,0.242,0.921,60,0,OTHER
25,165387,145639,-0.276,0.243,0.922,60,0,OTHER
26,165345,145543,-0.275,0.244,0.924,60,0,OTHER
27,165285,145522,-0.274,0.244,0.926,60,0,OTHER
28,165222,145472,-0.275,0.243,0.924,60,0,OTHER
29,165189,145432,-0.276,0.242,0.921,60,0,OTHER
30,165167,145381,-0.277,0.243,0.92,60,0,OTHER
31,165160,145334,-0.278,0.244,0.919,60,0,OTHER
32,165159,145291,-0.277,0.245,0.921,60,0,OTHER
33,165157,145262,-0.276,0.245,0.923,60,0,OTHER
34,165156,145218,-0.277,0.246,0.921,60,0,OTHER
35,165125,145115,-0.275,0.246,0.921,60,0,OTHER
36,165045,144985,-0.271,0.244,0.923,60,0,OTHER
37,164955,144879,-0.271,0.243,0.925,60,0,OTHER
38,164860,144716,-0.271,0.243,0.925,60,0,OTHER
39,164788,144614,-0.27,0.244,0.924,60,0,OTHER
40,164749,144542,-0.271,0.246,0.922,60,0,OTHER
41,164726,144443,-0.271,0.247,0.921,60,0,OTHER
42,164737,144360,-0.27,0.247,0.922,60,0,OTHER
43,164746,144270,-0.27,0.246,0.924,60,0,OTHER
44,164758,144207,-0.268,0.244,0.925,60,0,OTHER
45,164761,144137,-0.267,0.244,0.926,60,0,REST
46,164787,144068,-0.266,0.244,0.927,60,0,REST
47,164823,144010,-0.266,0.244,0.927,60,0,REST
48,164843,143950,-0.265,0.243,0.928,60,0,REST
49,164869,143909,-0.265,0.243,0.929,60,0,REST
50,164878,143873,-0.264,0.243,0.929,60,0,REST
51,164838,143850,-0.264,0.243,0.929,60,0,REST
52,164692,143750,-0.263,0.243,0.929,60,0,REST
53,164542,143640,-0.265,0.242,0.93,60,0,REST
54,164428,143502,-0.269,0.241,0.93,60,0,REST
55,164322,143370,-0.272,0.241,0.928,60,0,REST
56,164289,143268,-0.27,0.241,0.927,60,0,REST
57,164269,143189,-0.269,0.242,0.927,60,0,REST
58,164258,143119,-0.268,0.241,0.927,60,0,REST
59,164246,143043,-0.267,0.24,0.928,60,0,REST
60,164234,142975,-0.266,0.239,0.929,60,0,REST
61,164238,142908,-0.265,0.239,0.93,60,0,REST
62,164246,142829,-0.264,0.239,0.93,60,0,REST
63,164250,142764,-0.264,0.24,0.93,60,0,REST
64,164268,142743,-0.263,0.24,0.93,60,0,REST
65,164292,142690,-0.264,0.24,0.93,60,0,REST
66,164313,142652,-0.264,0.24,0.929,60,0,REST
67,164360,142597,-0.264,0.24,0.927,60,0,REST
68,164383,142520,-0.264,0.241,0.927,60,0,REST
69,164317,142373,-0.263,0.241,0.929,60,0,REST
70,164208,142212,-0.262,0.24,0.932,60,0,REST
71,164101,142076,-0.263,0.239,0.934,60,0,REST
72,163984,141959,-0.263,0.239,0.933,60,0,REST
73,163902,141867,-0.263,0.24,0.929,60,0,REST
74,163850,141793,-0.264,0.24,0.928,60,0,REST
75,163803,141725,-0.265,0.239,0.931,60,0,REST
76,163776,141683,-0.265,0.239,0.931,60,0,REST
77,163747,141602,-0.265,0.24,0.931,60,0,REST
78,163722,141534,-0.264,0.241,0.93,60,0,REST
79,163686,141458,-0.263,0.241,0.929,60,0,REST
80,163666,141415,-0.263,0.241,0.929,60,0,REST
81,163661,141364,-0.263,0.24,0.929,60,0,REST
82,163654,141315,-0.263,0.24,0.929,60,0,REST
83,163658,141268,-0.263,0.24,0.928,60,0,REST
84,163668,141215,-0.263,0.241,0.928,60,0,REST
85,163654,141163,-0.263,0.242,0.929,60,0,REST
86,163579,141056,-0.262,0.241,0.932,60,0,REST
87,163452,140906,-0.262,0.24,0.933,60,0,REST
88,163317,140763,-0.263,0.24,0.931,60,0,REST
89,163221,140639,-0.262,0.242,0.928,60,0,REST
90,163132,140577,-0.262,0.242,0.927,60,0,REST
91,163066,140413,-0.262,0.242,0.928,60,0,REST
92,163019,140342,-0.262,0.241,0.93,60,0,REST
93,162988,140267,-0.262,0.24,0.931,60,0,REST
94,162941,140187,-0.262,0.241,0.931,60,0,REST
95,162895,140122,-0.262,0.241,0.931,60,0,REST
96,162855,140045,-0.262,0.241,0.93,60,0,REST
97,162836,139985,-0.263,0.241,0.93,60,0,REST
98,162778,139922,-0.263,0.241,0.93,60,0,REST
99,162790,139865,-0.263,0.241,0.93,60,0,REST
100,162779,139812,-0.262,0.241,0.93,60,0,REST
101,162776,139752,-0.262,0.241,0.931,60,0,REST
102,162778,139683,-0.262,0.242,0.931,60,0,REST
103,162748,139617,-0.262,0.241,0.931,60,0,REST
104,162613,139477,-0.262,0.24,0.933,60,0,REST
105,162489,139308,-0.262,0.24,0.933,60,0,REST
106,162367,139234,-0.262,0.24,0.932,60,0,REST
107,162264,139101,-0.262,0.241,0.93,60,0,REST
108,162184,138994,-0.262,0.242,0.929,60,0,REST
109,162153,138908,-0.263,0.242,0.93,60,0,REST
110,162115,138828,-0.262,0.242,0.93,60,0,REST
111,162057,138746,-0.262,0.241,0.931,60,0,REST
112,161997,138674,-0.262,0.242,0.931,60,0,REST
113,161960,138605,-0.262,0.242,0.93,60,0,REST
114,161915,138544,-0.262,0.242,0.93,60,0,REST
115,161869,138498,-0.263,0.241,0.931,60,0,REST
116,161846,138453,-0.263,0.241,0.931,60,0,REST
117,161819,138409,-0.264,0.242,0.929,60,0,REST
118,161786,138342,-0.263,0.243,0.928,60,0,REST
119,161784,138330,-0.263,0.243,0.928,60,0,REST
120,161770,138294,-0.264,0.242,0.929,60,0,REST
121,161735,138243,-0.265,0.242,0.93,60,0,REST
122,161603,138118,-0.264,0.242,0.931,60,0,REST
123,161435,137996,-0.264,0.242,0.93,60,0,REST
124,161263,137877,-0.265,0.242,0.928,60,0,REST
125,161124,137795,-0.266,0.242,0.927,60,0,REST
126,160987,137716,-0.267,0.243,0.926,60,0,REST
127,160890,137655,-0.269,0.243,0.927,60,0,REST
128,160791,137606,-0.269,0.244,0.927,60,0,REST
129,160677,137588,-0.268,0.243,0.927,60,0,REST
130,160590,137517,-0.269,0.243,0.927,60,0,REST
131,160513,137476,-0.269,0.243,0.925,60,0,REST
132,160449,137431,-0.271,0.243,0.923,60,0,REST
133,160431,137368,-0.273,0.243,0.923,60,0,REST
134,160429,137300,-0.274,0.243,0.924,60,0,REST
135,160428,137229,-0.274,0.243,0.924,61,0,REST
136,160430,137196,-0.272,0.242,0.924,61,0,REST
137,160422,137166,-0.272,0.242,0.925,61,0,REST
138,160402,137133,-0.272,0.243,0.925,61,0,REST
139,160307,137059,-0.271,0.243,0.927,61,0,REST
140,160150,136947,-0.27,0.243,0.927,61,0,REST
141,159976,136832,-0.271,0.242,0.927,61,0,REST
142,159814,136742,-0.27,0.242,0.926,61,0,REST
143,159704,136677,-0.27,0.243,0.925,61,0,REST
144,159610,136598,-0.271,0.243,0.925,61,0,REST
145,159549,136564,-0.271,0.243,0.926,61,0,REST
146,159500,136498,-0.27,0.242,0.926,61,0,REST
147,159448,136428,-0.269,0.242,0.927,61,0,REST
148,159412,136373,-0.269,0.241,0.927,61,0,REST
149,159384,136315,-0.268,0.241,0.927,61,0,REST
150,159381,136276,-0.267,0.242,0.927,61,0,REST
151,159374,136239,-0.267,0.242,0.927,61,0,REST
152,159378,136200,-0.266,0.242,0.927,61,0,REST
153,159399,136167,-0.266,0.242,0.927,61,0,REST
154,159427,136112,-0.266,0.242,0.927,61,0,REST
155,159458,136085,-0.266,0.242,0.928,61,0,REST
156,159425,136021,-0.265,0.242,0.929,61,0,REST
157,159315,135881,-0.265,0.242,0.93,62,0,REST
158,159198,135764,-0.265,0.241,0.931,62,0,REST
159,159094,135653,-0.264,0.241,0.929,62,0,REST
160,159007,135565,-0.264,0.241,0.928,62,0,REST
161,158960,135497,-0.264,0.241,0.928,62,0,REST
162,158931,135444,-0.264,0.241,0.929,62,0,REST
163,158911,135394,-0.264,0.241,0.93,62,0,REST
164,158903,135345,-0.264,0.24,0.93,62,0,REST
165,158897,135302,-0.264,0.24,0.931,62,0,REST
166,158908,135273,-0.264,0.24,0.93,62,0,REST
167,158941,135247,-0.263,0.24,0.93,62,0,REST
168,158985,135231,-0.264,0.24,0.93,62,0,REST
169,159033,135210,-0.264,0.24,0.93,62,0,REST
170,159087,135183,-0.263,0.239,0.929,62,0,REST
171,159151,135183,-0.263,0.239,0.93,62,0,REST
172,159210,135168,-0.263,0.239,0.931,62,0,REST
173,159234,135137,-0.263,0.24,0.931,62,0,REST
174,159192,135088,-0.263,0.24,0.932,62,0,REST
175,159110,134996,-0.263,0.239,0.932,63,0,REST
176,159021,134906,-0.263,0.238,0.932,63,0,REST
177,158930,134818,-0.263,0.239,0.931,63,0,REST
178,158850,134785,-0.262,0.24,0.931,63,0,REST
179,158796,134746,-0.263,0.24,0.93,63,0,REST
180,158781,134727,-0.263,0.24,0.931,63,0,REST
181,158777,134704,-0.263,0.239,0.931,63,0,REST
182,158774,134726,-0.263,0.239,0.931,63,0,REST
183,158786,134686,-0.263,0.239,0.932,63,0,REST
184,158822,134693,-0.263,0.239,0.931,63,0,REST
185,158853,134683,-0.263,0.24,0.93,63,0,REST
186,158900,134695,-0.263,0.239,0.931,63,0,REST
187,158956,134718,-0.263,0.239,0.929,63,0,REST
188,159018,134727,-0.263,0.239,0.929,63,0,REST
189,159082,134734,-0.263,0.239,0.93,63,0,REST
190,159143,134740,-0.263,0.239,0.93,63,0,REST
191,159181,134754,-0.263,0.239,0.931,63,0,REST
192,159136,134746,-0.262,0.238,0.933,63,0,REST
193,159054,134707,-0.263,0.238,0.934,64,0,REST
194,158979,134672,-0.263,0.239,0.932,64,0,REST
195,158893,134632,-0.263,0.24,0.93,64,0,REST
196,158832,134606,-0.263,0.24,0.929,64,0,REST
197,158800,134571,-0.264,0.239,0.93,64,0,REST
198,158798,134568,-0.264,0.238,0.931,64,0,REST
199,158800,134562,-0.263,0.239,0.931,64,0,REST
200,158805,134580,-0.263,0.239,0.931,64,0,REST
201,158805,134597,-0.263,0.239,0.93,64,0,REST
202,158844,134620,-0.263,0.239,0.93,64,0,REST
203,158887,134642,-0.263,0.238,0.931,64,0,REST
204,158949,134673,-0.264,0.238,0.931,64,0,REST
205,159016,134702,-0.263,0.239,0.931,64,0,REST
206,159077,134719,-0.263,0.24,0.931,64,0,REST
207,159153,134739,-0.262,0.24,0.931,64,0,REST
208,159215,134752,-0.263,0.24,0.931,64,0,REST
209,159287,134731,-0.263,0.239,0.931,64,0,REST
210,159332,134773,-0.262,0.239,0.932,64,0,REST
211,159297,134751,-0.262,0.239,0.932,65,0,REST
212,159224,134680,-0.263,0.239,0.932,65,0,REST
213,159172,134645,-0.263,0.239,0.932,65,0,REST
214,159110,134597,-0.263,0.24,0.93,65,0,REST
215,159092,134561,-0.263,0.239,0.93,65,0,REST
216,159119,134536,-0.263,0.239,0.93,65,0,REST
217,159147,134535,-0.262,0.239,0.931,65,0,REST
218,159168,134534,-0.262,0.239,0.932,65,0,REST
219,159182,134544,-0.262,0.239,0.933,65,0,REST
220,159208,134556,-0.262,0.239,0.932,65,0,REST
221,159247,134596,-0.263,0.239,0.931,65,0,REST
222,159306,134597,-0.263,0.239,0.931,65,0,REST
223,159359,134640,-0.263,0.239,0.932,65,0,REST
224,159406,134664,-0.263,0.239,0.931,65,0,REST
225,159467,134686,-0.263,0.239,0.93,65,0,REST
226,159531,134710,-0.263,0.239,0.931,65,0,REST
227,159598,134720,-0.263,0.239,0.931,65,0,REST
228,159658,134722,-0.263,0.239,0.932,66,0,REST
229,159699,134741,-0.262,0.239,0.932,66,0,REST
230,159688,134735,-0.262,0.24,0.932,66,0,REST
231,159646,134711,-0.262,0.239,0.933,66,0,REST
232,159570,134660,-0.262,0.239,0.933,66,0,REST
233,159544,134631,-0.262,0.239,0.931,66,0,REST
234,159532,134612,-0.262,0.24,0.93,66,0,REST
235,159536,134613,-0.263,0.24,0.93,66,0,REST
236,159567,134601,-0.262,0.239,0.931,66,0,REST
237,159570,134615,-0.262,0.239,0.931,66,0,REST
238,159588,134632,-0.262,0.239,0.931,66,0,REST
239,159609,134652,-0.262,0.239,0.931,66,0,REST
240,159652,134662,-0.262,0.239,0.932,66,0,REST
241,159701,134681,-0.262,0.239,0.932,66,0,REST
242,159747,134710,-0.262,0.239,0.932,66,0,REST
243,159794,134735,-0.262,0.239,0.932,66,0,REST
244,159847,134753,-0.262,0.239,0.932,67,0,REST
245,159912,134775,-0.262,0.239,0.932,67,0,REST
246,159965,134774,-0.262,0.24,0.931,67,0,REST
247,160021,134804,-0.262,0.239,0.932,67,0,REST
248,160060,134814,-0.261,0.239,0.932,67,0,REST
249,160037,134804,-0.261,0.239,0.933,67,0,REST
250,160004,134775,-0.262,0.239,0.934,67,0,REST
251,159955,134708,-0.262,0.238,0.933,67,0,REST
252,159930,134707,-0.262,0.239,0.932,67,0,REST
253,159914,134689,-0.262,0.24,0.931,67,0,REST
254,159938,134690,-0.262,0.24,0.931,67,0,REST
255,159962,134705,-0.262,0.24,0.931,67,0,REST
256,159983,134735,-0.262,0.239,0.932,67,0,REST
257,160014,134774,-0.262,0.239,0.932,67,0,REST
258,160047,134808,-0.262,0.239,0.932,67,0,REST
259,160072,134832,-0.262,0.24,0.932,67,0,REST
260,160110,134884,-0.262,0.24,0.932,67,0,REST
261,160147,134903,-0.263,0.24,0.931,68,0,REST
262,160185,134930,-0.263,0.24,0.931,68,0,REST
263,160228,134965,-0.263,0.24,0.93,68,0,REST
264,160272,134997,-0.263,0.24,0.93,68,0,REST
265,160323,135028,-0.263,0.24,0.93,68,0,REST
266,160363,135043,-0.263,0.24,0.931,68,0,REST
267,160378,135057,-0.263,0.24,0.931,68,0,REST
268,160337,135059,-0.263,0.24,0.932,68,0,REST
269,160282,135022,-0.263,0.24,0.932,68,0,REST
270,160237,135006,-0.264,0.239,0.931,68,0,REST
271,160195,134984,-0.264,0.24,0.93,68,0,REST
272,160171,134967,-0.265,0.241,0.928,68,0,REST
273,160172,134958,-0.265,0.241,0.929,68,0,REST
274,160179,134964,-0.265,0.241,0.929,68,0,REST
275,160166,134950,-0.265,0.241,0.929,68,0,REST
276,160164,134972,-0.265,0.24,0.93,68,0,REST
277,160170,134969,-0.265,0.24,0.93,68,0,REST
278,160182,134983,-0.266,0.24,0.929,69,0,REST
279,160200,134968,-0.266,0.241,0.929,69,0,REST
280,160230,134970,-0.266,0.241,0.929,69,0,REST
281,160252,134976,-0.265,0.241,0.929,69,0,REST
282,160280,134969,-0.265,0.241,0.929,69,0,REST
283,160318,134966,-0.265,0.241,0.928,69,0,REST
284,160366,134947,-0.266,0.241,0.928,69,0,REST
285,160322,134907,-0.265,0.241,0.929,69,0,REST
286,160284,134868,-0.264,0.241,0.93,69,0,REST
287,160222,134761,-0.264,0.24,0.931,69,0,REST
288,160165,134731,-0.264,0.24,0.931,69,0,REST
289,160111,134669,-0.263,0.241,0.93,69,0,REST
290,160081,134624,-0.263,0.241,0.929,69,0,REST
291,160082,134584,-0.264,0.241,0.929,69,0,REST
292,160071,134549,-0.263,0.24,0.93,69,0,REST
293,160079,134550,-0.262,0.24,0.93,69,0,REST
294,160061,134536,-0.262,0.24,0.931,69,0,REST
295,160081,134539,-0.263,0.24,0.931,69,0,REST
296,160133,134537,-0.263,0.24,0.931,69,0,REST
297,160161,134546,-0.262,0.24,0.932,69,0,REST
298,160208,134558,-0.262,0.24,0.932,70,0,REST
299,160257,134577,-0.262,0.24,0.932,70,0,REST
300,160310,134582,-0.261,0.24,0.931,70,0,REST
301,160365,134594,-0.261,0.239,0.931,70,0,REST
302,160431,134612,-0.261,0.239,0.932,70,0,REST
303,160484,134628,-0.261,0.24,0.932,70,0,REST
304,160434,134619,-0.261,0.239,0.933,70,0,REST
305,160406,134583,-0.261,0.239,0.933,70,0,REST
306,160390,134538,-0.261,0.239,0.933,70,0,REST
307,160345,134505,-0.262,0.239,0.932,70,0,REST
308,160336,134470,-0.262,0.24,0.931,70,0,REST
309,160348,134443,-0.262,0.24,0.931,70,0,REST
310,160365,134428,-0.261,0.24,0.931,70,0,REST
311,160377,134438,-0.261,0.239,0.933,70,0,REST
312,160397,134449,-0.262,0.238,0.933,70,0,REST
313,160416,134465,-0.262,0.238,0.933,70,0,REST
314,160435,134448,-0.261,0.239,0.933,70,0,REST
315,160452,134459,-0.261,0.239,0.934,70,0,REST
316,160483,134466,-0.261,0.239,0.933,70,0,REST
317,160502,134476,-0.262,0.239,0.932,70,0,REST
318,160529,134476,-0.262,0.24,0.932,70,0,REST
319,160562,134480,-0.262,0.239,0.932,70,0,REST
320,160591,134472,-0.261,0.239,0.932,70,0,REST
321,160609,134465,-0.261,0.24,0.932,70,0,REST
322,160558,134452,-0.261,0.239,0.933,70,0,REST
323,160483,134408,-0.261,0.238,0.934,71,0,REST
324,160398,134336,-0.261,0.238,0.934,71,0,REST
325,160320,134325,-0.261,0.239,0.933,71,0,REST
326,160228,134272,-0.261,0.24,0.932,71,0,REST
327,160180,134264,-0.262,0.24,0.931,71,0,REST
328,160181,134257,-0.262,0.241,0.931,71,0,REST
329,160165,134248,-0.261,0.24,0.931,71,0,REST
330,160149,134245,-0.261,0.239,0.932,71,0,REST
331,160142,134239,-0.261,0.238,0.932,71,0,REST
332,160145,134216,-0.261,0.238,0.933,71,0,REST
333,160132,134177,-0.261,0.239,0.933,71,0,REST
334,160126,134155,-0.261,0.238,0.934,71,0,REST
335,160124,134149,-0.261,0.237,0.934,71,0,REST
336,160112,134141,-0.261,0.237,0.933,71,0,REST
337,160113,134128,-0.262,0.237,0.932,71,0,REST
338,160119,134107,-0.262,0.238,0.932,71,0,REST
339,160136,134088,-0.262,0.238,0.932,71,0,REST
340,160126,134062,-0.261,0.238,0.933,71,0,REST
341,160066,134045,-0.261,0.238,0.934,71,0,REST
342,159939,133981,-0.261,0.236,0.935,71,0,REST
343,159826,133910,-0.261,0.234,0.936,71,0,REST
344,159739,133843,-0.261,0.234,0.935,71,0,REST
345,159661,133776,-0.261,0.236,0.933,71,0,REST
346,159609,133717,-0.261,0.237,0.933,71,0,REST
347,159574,133675,-0.26,0.237,0.933,71,0,REST
348,159514,133637,-0.26,0.236,0.934,71,0,REST
349,159498,133581,-0.261,0.235,0.935,71,0,REST
350,159444,133528,-0.261,0.235,0.935,71,0,REST
351,159420,133493,-0.26,0.235,0.935,71,0,REST
352,159400,133495,-0.26,0.235,0.935,71,0,REST
353,159383,133449,-0.26,0.236,0.935,71,0,REST
354,159377,133455,-0.261,0.236,0.936,71,0,REST
355,159364,133458,-0.261,0.236,0.935,71,0,REST
356,159347,133456,-0.261,0.236,0.933,71,0,REST
357,159374,133461,-0.261,0.237,0.933,72,0,REST
358,159410,133483,-0.261,0.236,0.934,72,0,REST
359,159405,133448,-0.261,0.236,0.936,72,0,REST
360,159323,133415,-0.26,0.236,0.937,72,0,REST
361,159204,133340,-0.26,0.236,0.937,72,0,REST
362,159095,133265,-0.261,0.236,0.937,72,0,REST
363,158984,133182,-0.26,0.237,0.935,72,0,REST
364,158875,133160,-0.26,0.237,0.934,72,0,REST
365,158808,133115,-0.261,0.237,0.934,72,0,REST
366,158752,133097,-0.261,0.237,0.935,72,0,REST
367,158681,133063,-0.261,0.237,0.935,72,0,REST
368,158625,133044,-0.261,0.237,0.936,72,0,REST
369,158570,133038,-0.261,0.237,0.935,72,0,REST
370,158529,133040,-0.261,0.237,0.934,72,0,REST
371,158508,133054,-0.261,0.237,0.933,72,0,REST
372,158476,133050,-0.261,0.238,0.933,72,0,REST
373,158460,133063,-0.262,0.237,0.933,72,0,REST
374,158450,133086,-0.262,0.237,0.933,72,0,REST
375,158441,133109,-0.262,0.237,0.932,72,99,REST
376,158453,133135,-0.262,0.238,0.932,72,99,REST
377,158479,133166,-0.262,0.238,0.932,72,99,REST
378,158471,133209,-0.262,0.238,0.933,72,99,REST
379,158415,133195,-0.262,0.238,0.933,72,99,REST
380,158324,133213,-0.262,0.238,0.933,72,99,REST
381,158241,133185,-0.263,0.238,0.933,72,99,REST
382,158174,133184,-0.262,0.239,0.931,72,99,REST
383,158119,133177,-0.263,0.239,0.93,72,99,REST
384,158096,133187,-0.263,0.239,0.93,72,99,REST
385,158087,133208,-0.263,0.239,0.93,73,99,REST
386,158058,133237,-0.263,0.239,0.931,73,99,REST
387,158035,133277,-0.263,0.239,0.932,73,99,REST
388,158033,133313,-0.264,0.239,0.932,73,99,REST
389,158040,133345,-0.264,0.24,0.93,73,99,REST
390,158069,133378,-0.264,0.24,0.93,73,99,REST
391,158098,133431,-0.265,0.24,0.93,73,99,REST
392,158120,133428,-0.265,0.24,0.93,73,99,REST
393,158151,133452,-0.264,0.24,0.93,73,99,REST
394,158187,133463,-0.264,0.24,0.93,73,99,REST
395,158231,133467,-0.265,0.24,0.93,73,99,REST
396,158253,133475,-0.264,0.239,0.93,73,99,REST
397,158199,133460,-0.263,0.239,0.932,73,99,REST
398,158113,133412,-0.263,0.239,0.933,73,99,REST
399,158023,133363,-0.264,0.239,0.933,73,99,REST
400,157957,133324,-0.263,0.239,0.931,73,99,REST
401,157911,133285,-0.263,0.24,0.93,73,99,REST
402,157900,133246,-0.263,0.24,0.93,73,99,REST
403,157907,133249,-0.263,0.239,0.931,74,99,REST
404,157916,133255,-0.262,0.239,0.932,74,99,REST
405,157920,133265,-0.262,0.239,0.932,74,99,REST
406,157933,133274,-0.261,0.239,0.932,74,99,REST
407,157978,133298,-0.261,0.239,0.933,74,99,REST
408,158017,133309,-0.262,0.239,0.933,74,99,REST
409,158065,133339,-0.262,0.239,0.933,74,99,REST
410,158125,133370,-0.261,0.239,0.932,74,99,REST
411,158174,133402,-0.261,0.239,0.932,74,99,REST
412,158241,133439,-0.261,0.239,0.933,74,99,REST
413,158331,133465,-0.261,0.239,0.933,74,99,REST
414,158394,133501,-0.26,0.239,0.935,74,99,REST
415,158375,133494,-0.26,0.239,0.935,74,99,REST
416,158332,133475,-0.26,0.239,0.935,74,99,REST
417,158282,133464,-0.26,0.239,0.934,74,99,REST
418,158242,133404,-0.26,0.239,0.932,74,99,REST
419,158239,133447,-0.261,0.239,0.932,74,99,REST
420,158256,133448,-0.26,0.239,0.933,74,99,REST
421,158288,133470,-0.26,0.239,0.933,75,99,REST
422,158315,133498,-0.26,0.239,0.934,75,99,REST
423,158357,133539,-0.26,0.239,0.935,75,99,REST
424,158401,133584,-0.26,0.239,0.934,75,99,REST
425,158451,133618,-0.26,0.239,0.934,75,99,REST
426,158517,133663,-0.26,0.239,0.935,75,99,REST
427,158567,133713,-0.26,0.239,0.935,75,99,REST
428,158626,133766,-0.26,0.239,0.934,75,99,REST
429,158677,133824,-0.26,0.239,0.934,75,99,REST
430,158727,133923,-0.26,0.239,0.936,75,99,REST
431,158745,134015,-0.261,0.239,0.938,75,99,REST
432,158677,134128,-0.261,0.239,0.937,75,99,REST
433,158544,134266,-0.262,0.238,0.938,75,99,REST
434,158366,134424,-0.264,0.237,0.943,75,99,REST
435,158124,134676,-0.27,0.239,0.956,75,99,REST
436,157629,134950,-0.274,0.241,0.968,75,99,REST
437,156796,134998,-0.279,0.24,0.98,75,99,REST
438,156118,134748,-0.289,0.239,1.011,75,99,REST
439,155500,134734,-0.29,0.235,1.048,76,99,REST
440,154841,135228,-0.283,0.212,1.063,76,99,REST
441,154658,135744,-0.281,0.165,1.063,76,99,REST
442,154785,136140,-0.305,0.096,1.077,76,99,REST
443,154670,136999,-0.307,0.012,1.09,76,99,REST
444,154548,138489,-0.25,-0.061,1.074,76,99,REST
445,154832,140629,-0.214,-0.123,1.034,76,99,REST
446,154919,142101,-0.206,-0.192,1.001,76,99,REST
447,154500,144146,-0.131,-0.249,0.965,76,99,REST
448,154394,146909,-0.014,-0.294,0.928,76,99,REST
449,154895,148567,0.061,-0.345,0.918,76,99,REST
450,155646,149489,0.108,-0.381,0.912,76,99,REST
451,156950,150076,0.191,-0.387,0.869,76,99,REST
452,159535,149642,0.227,-0.377,0.851,76,99,REST
453,161757,149130,0.176,-0.376,0.884,76,99,REST
454,161380,149041,0.17,-0.369,0.842,76,99,REST
455,161602,148044,0.142,-0.322,0.685,76,99,REST
456,163066,143707,-0.083,-0.239,0.509,76,99,REST
457,160003,152550,-0.394,-0.167,0.457,77,99,REST
458,155341,156821,-0.649,-0.109,0.503,77,99,REST
459,152789,155303,-0.814,-0.061,0.578,77,99,REST
460,151421,152235,-0.853,-0.035,0.684,77,99,REST
461,150633,146085,-0.809,-0.029,0.77,77,99,REST
462,151887,135397,-0.719,-0.055,0.771,77,99,REST
463,156330,128656,-0.55,-0.134,0.744,77,99,REST
464,159008,127713,-0.263,-0.233,0.75,77,99,REST
465,160446,127588,0.027,-0.302,0.811,77,99,REST
466,161000,127817,0.21,-0.332,0.875,77,99,REST
467,161861,127913,0.216,-0.325,0.763,77,99,REST
468,161357,130385,0.15,-0.358,0.673,77,99,REST
469,160651,134524,0.106,-0.416,0.797,77,58,REST
470,161124,138396,0.055,-0.465,0.892,77,58,REST
471,161093,139564,0.061,-0.538,0.838,77,58,REST
472,160862,139461,0.097,-0.605,0.831,77,58,REST
473,160866,139855,0.136,-0.64,0.91,77,58,REST
474,160878,138136,0.197,-0.646,0.988,77,58,REST
475,160761,135373,0.235,-0.641,1.056,77,58,REST
476,161513,132478,0.232,-0.645,1.086,78,58,REST
477,164313,130828,0.228,-0.644,1.067,78,58,REST
478,167378,130243,0.241,-0.627,0.972,78,58,REST
479,168672,132465,0.196,-0.582,0.784,78,58,REST
480,169773,142546,0.05,-0.501,0.545,78,58,REST
481,168342,155001,-0.156,-0.378,0.319,78,58,REST
482,160797,161412,-0.486,-0.25,0.169,78,58,REST
483,156426,161122,-0.844,-0.176,0.167,78,58,REST
484,154656,160808,-0.99,-0.144,0.298,78,59,REST
485,153794,159154,-1.037,-0.13,0.463,78,59,REST
486,153800,152690,-1.103,-0.132,0.584,78,59,REST
487,155516,143600,-1.049,-0.158,0.657,78,59,REST
488,161871,137934,-0.822,-0.2,0.697,78,59,REST
489,165101,136519,-0.49,-0.247,0.715,78,59,REST
490,166466,136650,-0.139,-0.294,0.719,78,59,REST
491,166422,137408,0.123,-0.322,0.723,78,59,REST
492,165770,142101,0.167,-0.343,0.709,78,59,REST
493,166045,150119,0.073,-0.374,0.76,78,59,REST
494,167887,158420,-0.013,-0.42,0.822,78,59,REST
495,168171,158844,-0.048,-0.49,0.772,78,59,REST
496,166710,154728,-0.019,-0.57,0.74,78,59,REST
497,164219,152422,0.002,-0.629,0.823,78,59,REST
498,162870,146337,-0.005,-0.63,0.975,78,59,REST
499,162783,140467,0.016,-0.605,1.088,79,59,REST
500,164022,137878,0.117,-0.593,1.078,79,59,REST
501,167978,135992,0.148,-0.575,1.025,79,59,REST
502,172333,135333,0.06,-0.545,0.983,79,59,REST
503,173397,136247,-0.002,-0.501,0.889,79,59,REST
504,172563,144049,-0.008,-0.443,0.727,79,59,REST
505,174512,160666,-0.062,-0.378,0.474,79,59,REST
506,169623,168304,-0.386,-0.289,0.28,79,59,REST
507,166291,167409,-0.801,-0.223,0.314,79,59,REST
508,164073,165546,-0.942,-0.216,0.465,79,59,REST
509,163918,158646,-0.944,-0.226,0.604,79,59,REST
510,165218,148570,-0.968,-0.23,0.709,79,59,REST
511,169205,142751,-0.927,-0.231,0.76,79,59,REST
512,170694,139803,-0.738,-0.251,0.746,79,59,REST
513,170843,138659,-0.395,-0.284,0.726,79,59,REST
514,169875,137922,-0.028,-0.304,0.732,79,57,REST
515,169111,142134,0.136,-0.318,0.714,79,57,REST
516,169824,150830,0.12,-0.346,0.711,79,57,REST
517,171788,163855,0.096,-0.366,0.781,79,57,OTHER
518,171465,174284,0.069,-0.355,0.845,79,57,OTHER
519,169800,174182,-0.015,-0.361,0.883,76,61,OTHER
520,168858,170888,-0.078,-0.427,0.921,76,61,OTHER
521,168234,167023,-0.054,-0.525,0.949,76,61,OTHER
522,167719,163076,0.022,-0.589,0.97,76,61,OTHER
523,167028,157397,0.102,-0.604,1.005,76,61,OTHER
524,166733,152526,0.133,-0.587,1.042,76,61,OTHER
525,168063,148765,0.129,-0.558,1.029,77,61,OTHER
526,172734,145142,0.089,-0.524,0.993,77,61,OTHER
527,177670,142939,0.012,-0.497,0.958,77,61,OTHER
528,181112,142986,-0.054,-0.473,0.893,77,61,OTHER
529,183260,155404,-0.254,-0.387,0.393,77,55,OTHER
530,179169,169944,-0.823,-0.216,0.24,77,55,OTHER
531,170625,176062,-0.823,-0.216,0.24,77,55,OTHER
532,165534,175817,-0.907,-0.183,0.384,77,55,OTHER
533,163248,176636,-0.928,-0.174,0.536,77,55,OTHER
534,162710,174338,-1.035,-0.162,0.639,77,55,OTHER
535,163274,165284,-1.065,-0.156,0.703,77,55,OTHER
536,168096,155447,-0.867,-0.156,0.745,77,55,OTHER
537,174781,152474,-0.6,-0.191,0.757,77,55,OTHER
538,176220,149589,-0.371,-0.277,0.743,77,55,OTHER
539,175961,146945,-0.136,-0.35,0.729,77,55,OTHER
540,174407,146522,0.02,-0.381,0.709,77,55,OTHER
541,173073,149333,0.063,-0.394,0.728,77,55,OTHER
542,173764,156490,0.016,-0.397,0.796,77,55,OTHER
543,175887,162837,-0.048,-0.424,0.843,77,55,OTHER
544,177062,168119,-0.081,-0.487,0.819,77,62,OTHER
545,176778,169344,-0.106,-0.574,0.766,77,62,OTHER
546,176275,169503,-0.11,-0.666,0.761,77,62,OTHER
547,175187,166527,-0.095,-0.737,0.819,77,62,OTHER
548,173860,160388,-0.065,-0.774,0.905,77,62,OTHER
549,173558,156498,-0.032,-0.77,0.954,77,62,OTHER
550,174455,151864,-0.001,-0.724,0.973,77,62,OTHER
551,176319,148449,0.033,-0.663,0.953,77,62,OTHER
552,179455,146116,0.036,-0.602,0.857,77,62,OTHER
553,180329,148520,0.01,-0.545,0.699,77,62,OTHER
554,179455,163652,-0.031,-0.441,0.44,78,62,OTHER
555,171835,177779,-0.254,-0.308,0.208,78,62,OTHER
556,164431,180040,-0.63,-0.235,0.156,78,62,OTHER
557,161051,177516,-0.879,-0.218,0.232,78,62,OTHER
558,159940,177304,-1.019,-0.223,0.376,78,62,OTHER
559,159648,175651,-1.218,-0.228,0.532,78,62,OTHER
560,160063,167059,-1.315,-0.231,0.652,78,62,OTHER
561,163945,157851,-1.13,-0.245,0.721,78,62,OTHER
562,172626,153068,-0.822,-0.289,0.771,78,62,OTHER
563,175901,152522,-0.587,-0.331,0.777,78,62,OTHER
564,177200,155091,-0.503,-0.356,0.68,78,62,OTHER
565,177254,153446,-0.473,-0.397,0.559,78,62,OTHER
566,176321,150663,-0.381,-0.436,0.446,78,62,OTHER
567,175167,153933,-0.186,-0.49,0.394,78,62,OTHER
568,175359,159663,0.006,-0.543,0.508,78,62,OTHER
569,176332,164597,0.066,-0.568,0.678,78,62,OTHER
570,177223,167870,0.088,-0.616,0.748,78,62,OTHER
571,177411,167882,0.132,-0.677,0.767,78,62,OTHER
572,177011,167059,0.171,-0.723,0.794,78,62,OTHER
573,176892,167441,0.177,-0.748,0.805,78,62,OTHER
574,176649,166472,0.153,-0.741,0.811,78,61,OTHER
575,176338,165328,0.125,-0.717,0.798,78,61,OTHER
576,176062,164440,0.101,-0.683,0.774,78,61,OTHER
577,176014,165392,0.091,-0.649,0.752,78,61,OTHER
578,175977,167071,0.088,-0.628,0.749,78,61,OTHER
579,175779,166827,0.089,-0.634,0.771,78,61,OTHER
580,175551,164864,0.11,-0.682,0.781,78,61,OTHER
581,174818,160635,0.137,-0.757,0.775,78,61,OTHER
582,173286,155442,0.145,-0.835,0.756,78,61,OTHER
583,172249,154980,0.126,-0.878,0.71,78,61,OTHER
584,171444,151612,0.071,-0.847,0.711,78,61,OTHER
585,171601,145654,0.051,-0.762,0.769,78,61,OTHER
586,175625,144519,0.101,-0.692,0.781,78,61,OTHER
587,177592,148332,0.128,-0.608,0.671,78,61,OTHER
588,175475,147782,0.23,-0.459,0.575,78,61,OTHER
589,174430,152830,0.458,-0.336,0.638,78,60,OTHER
590,175063,161242,0.48,-0.276,0.712,78,60,OTHER
591,174660,164378,0.228,-0.226,0.739,78,60,OTHER
592,173762,164347,-0.042,-0.178,0.782,78,60,OTHER
593,172408,166078,-0.196,-0.145,0.836,78,60,OTHER
594,171792,168470,-0.271,-0.132,0.87,78,60,OTHER
595,172137,168901,-0.342,-0.128,0.87,78,60,OTHER
596,173495,167651,-0.435,-0.164,0.841,78,60,OTHER
597,174906,161304,-0.604,-0.227,0.724,78,60,OTHER
598,177654,152491,-0.744,-0.333,0.563,78,60,OTHER
599,178674,149773,-0.717,-0.507,0.471,78,60,OTHER
600,178592,144482,-0.542,-0.697,0.428,79,60,OTHER
601,176220,143213,-0.319,-0.844,0.4,79,60,OTHER
602,175686,147125,-0.177,-0.913,0.512,79,60,OTHER
603,178623,159002,-0.172,-0.922,0.703,79,60,OTHER
604,183702,177936,-0.272,-0.914,0.772,79,59,OTHER
605,185888,195294,-0.371,-0.909,0.735,79,59,OTHER
606,184887,206164,-0.388,-0.887,0.649,79,59,OTHER
607,183245,203745,-0.384,-0.845,0.595,79,59,OTHER
608,182462,189090,-0.355,-0.784,0.593,79,59,OTHER
609,181283,167664,-0.255,-0.693,0.625,79,59,OTHER
610,180192,156499,-0.082,-0.58,0.679,79,59,OTHER
611,178273,146670,0.145,-0.469,0.698,79,59,OTHER
612,177537,144155,0.326,-0.379,0.755,79,59,OTHER
613,178338,145619,0.473,-0.328,0.813,79,59,OTHER
614,179083,144052,0.598,-0.29,0.787,79,59,OTHER
615,179186,141252,0.582,-0.234,0.759,79,59,OTHER
616,179856,144925,0.399,-0.173,0.797,79,59,OTHER
617,180716,154301,0.148,-0.134,0.881,79,59,OTHER
618,180175,162497,-0.072,-0.135,0.922,79,59,OTHER
619,178572,164417,-0.229,-0.172,0.915,79,58,OTHER
620,177415,162378,-0.313,-0.227,0.892,79,58,OTHER
621,177092,160784,-0.367,-0.289,0.855,79,58,OTHER
622,177376,156823,-0.455,-0.363,0.786,79,58,OTHER
623,178044,153058,-0.505,-0.446,0.698,79,58,OTHER
624,178605,151692,-0.413,-0.522,0.633,79,58,OTHER
625,177750,148993,-0.295,-0.591,0.638,79,58,OTHER
626,178330,154004,-0.264,-0.632,0.707,79,58,OTHER
627,180155,161297,-0.326,-0.656,0.716,79,58,OTHER
628,181785,167265,-0.461,-0.698,0.714,79,58,OTHER
629,182654,177552,-0.556,-0.729,0.75,79,58,OTHER
630,183121,185852,-0.565,-0.741,0.711,79,58,OTHER
631,182836,187181,-0.562,-0.754,0.652,79,58,OTHER
632,182377,184560,-0.541,-0.736,0.628,79,58,OTHER
633,180700,174481,-0.46,-0.665,0.64,79,58,OTHER
634,177696,166878,-0.321,-0.573,0.677,79,57,OTHER
635,175408,159764,-0.129,-0.486,0.711,79,57,OTHER
636,174417,151791,0.07,-0.411,0.76,79,57,OTHER
637,175534,145847,0.262,-0.377,0.819,79,57,OTHER
638,179039,146588,0.428,-0.367,0.866,79,57,OTHER
639,179348,146751,0.493,-0.336,0.883,79,57,OTHER
640,179373,148773,0.416,-0.284,0.848,79,57,OTHER
641,180135,153660,0.238,-0.219,0.835,79,57,OTHER
642,180092,158567,0.007,-0.171,0.872,79,57,OTHER
643,178949,161542,-0.212,-0.18,0.904,79,57,OTHER
644,177365,164444,-0.312,-0.214,0.908,79,57,OTHER
645,175803,166108,-0.347,-0.236,0.886,79,57,OTHER
646,173917,162342,-0.409,-0.271,0.843,79,57,OTHER
647,173577,157818,-0.443,-0.411,0.765,79,57,OTHER
648,175357,157034,-0.391,-0.478,0.702,79,57,OTHER
649,177843,156567,-0.405,-0.544,0.649,79,58,OTHER
650,177807,152211,-0.433,-0.596,0.642,79,58,OTHER
651,177655,153694,-0.454,-0.624,0.681,79,58,OTHER
652,177671,158000,-0.511,-0.64,0.726,79,58,OTHER
653,179112,166766,-0.57,-0.662,0.769,79,58,OTHER
654,180758,175228,-0.597,-0.665,0.788,79,58,OTHER
655,180916,178943,-0.566,-0.646,0.773,79,58,OTHER
656,179653,179336,-0.512,-0.618,0.764,79,58,OTHER
657,178892,176359,-0.421,-0.578,0.763,79,58,OTHER
658,177601,167821,-0.276,-0.533,0.763,79,58,OTHER
659,175486,159785,-0.126,-0.482,0.788,79,58,OTHER
660,173454,149357,0.039,-0.439,0.857,79,58,OTHER
661,173905,144886,0.207,-0.429,0.897,79,58,OTHER
662,176510,145125,0.298,-0.403,0.854,79,58,OTHER
663,176699,146101,0.316,-0.336,0.796,79,58,OTHER
664,176465,147258,0.27,-0.254,0.81,79,58,OTHER
665,176882,150704,0.141,-0.192,0.885,79,58,OTHER
666,177381,155917,-0.002,-0.167,0.939,79,58,OTHER
667,177185,159814,-0.115,-0.171,0.932,79,58,OTHER
668,176344,161341,-0.203,-0.197,0.902,79,58,OTHER
669,175338,162002,-0.26,-0.233,0.885,79,58,OTHER
670,174602,161127,-0.286,-0.263,0.879,79,58,OTHER
671,174190,157652,-0.308,-0.296,0.871,79,58,OTHER
672,174135,153871,-0.36,-0.356,0.841,79,58,OTHER
673,174795,151562,-0.418,-0.424,0.761,79,58,OTHER
674,176203,151469,-0.461,-0.5,0.657,79,58,OTHER
675,176856,150378,-0.497,-0.598,0.58,79,58,OTHER
676,175645,149478,-0.5,-0.669,0.564,79,58,OTHER
677,176073,153920,-0.513,-0.691,0.615,79,58,OTHER
678,177983,161953,-0.602,-0.701,0.657,79,58,REST
679,179977,167422,-0.686,-0.717,0.649,79,57,REST
680,180127,169103,-0.704,-0.729,0.59,79,57,REST
681,179499,169264,-0.683,-0.712,0.534,79,57,REST
682,179598,169097,-0.644,-0.667,0.533,79,57,REST
683,179017,166813,-0.581,-0.609,0.587,79,57,REST
684,176967,162198,-0.47,-0.548,0.697,78,57,REST
685,175102,155277,-0.319,-0.509,0.79,78,57,REST
686,175237,149392,-0.156,-0.475,0.827,78,57,REST
687,177943,148531,0.023,-0.409,0.823,78,57,REST
688,178427,148365,0.196,-0.331,0.796,78,57,REST
689,177569,148472,0.261,-0.257,0.799,78,57,REST
690,177667,150976,0.175,-0.205,0.866,78,57,REST
691,178046,154651,0.022,-0.177,0.938,78,57,REST
692,178123,157477,-0.106,-0.169,0.95,78,57,REST
693,177549,160058,-0.187,-0.19,0.925,78,57,REST
694,176914,162240,-0.235,-0.218,0.896,78,56,REST
695,176523,162312,-0.305,-0.264,0.887,78,56,REST
696,175983,159523,-0.368,-0.318,0.876,78,56,REST
697,176020,157408,-0.355,-0.365,0.838,78,56,REST
698,176685,156165,-0.33,-0.421,0.797,78,56,REST
699,176752,152860,-0.356,-0.489,0.766,78,56,REST
700,176285,149517,-0.392,-0.545,0.72,78,56,REST
701,175189,148259,-0.441,-0.582,0.627,78,56,REST
702,174460,149497,-0.503,-0.62,0.586,78,56,REST
703,174950,153815,-0.551,-0.64,0.651,78,56,REST
704,175750,158473,-0.603,-0.641,0.746,78,56,REST
705,177200,163683,-0.609,-0.643,0.771,78,56,REST
706,177978,166030,-0.598,-0.632,0.726,78,56,REST
707,177950,165967,-0.592,-0.597,0.698,78,56,REST
708,177125,163614,-0.553,-0.55,0.688,78,56,REST
709,175613,158978,-0.495,-0.495,0.722,78,56,REST
710,174311,153707,-0.368,-0.453,0.785,78,56,REST
711,174522,149168,-0.226,-0.428,0.833,78,56,REST
712,177103,148878,-0.077,-0.398,0.87,78,56,REST
713,176834,148577,0.111,-0.359,0.849,78,56,REST
714,176535,150267,0.223,-0.287,0.795,78,56,REST
715,177154,153795,0.161,-0.195,0.827,78,56,REST
716,177227,156021,-0.026,-0.165,0.934,78,56,REST
717,176720,157228,-0.149,-0.179,0.986,78,56,REST
718,176409,157097,-0.18,-0.2,0.97,78,56,REST
719,176348,157614,-0.232,-0.246,0.951,78,56,REST
720,175876,155813,-0.318,-0.306,0.902,78,56,REST
721,175798,153148,-0.376,-0.363,0.831,78,56,REST
722,176232,152862,-0.397,-0.409,0.786,78,56,REST
723,176849,152873,-0.407,-0.449,0.758,78,56,REST
724,177750,153447,-0.424,-0.482,0.718,78,55,REST
725,177918,152329,-0.468,-0.53,0.669,78,55,REST
726,177018,151783,-0.51,-0.583,0.604,78,55,REST
727,176738,153767,-0.553,-0.618,0.537,78,55,REST
728,177653,159390,-0.59,-0.623,0.567,78,55,REST
729,179673,168330,-0.629,-0.624,0.655,78,55,REST
730,180899,173919,-0.66,-0.633,0.7,78,55,REST
731,180378,174130,-0.631,-0.627,0.71,78,55,REST
732,179202,169360,-0.564,-0.609,0.716,78,55,REST
733,178417,165543,-0.461,-0.572,0.726,78,55,REST
734,176883,160346,-0.324,-0.523,0.751,78,55,REST
735,174996,153951,-0.177,-0.48,0.801,78,55,REST
736,174715,149188,-0.059,-0.459,0.845,78,55,REST
737,176644,146991,0.056,-0.435,0.845,78,55,REST
738,178703,147744,0.179,-0.385,0.846,78,55,REST
739,178683,148175,0.264,-0.335,0.868,78,55,REST
740,178933,151393,0.256,-0.296,0.865,78,55,REST
741,179087,155520,0.146,-0.253,0.884,78,55,REST
742,178551,158529,0.006,-0.217,0.927,78,55,REST
743,177648,158515,-0.095,-0.213,0.952,78,55,REST
744,177466,157618,-0.146,-0.245,0.95,78,55,REST
745,177747,155175,-0.203,-0.29,0.917,78,55,REST
746,178118,153538,-0.281,-0.345,0.867,78,55,REST
747,178959,154004,-0.32,-0.406,0.843,78,55,REST
748,179935,155238,-0.328,-0.442,0.813,78,55,REST
749,179444,153108,-0.355,-0.472,0.75,78,55,REST
750,178820,154876,-0.384,-0.516,0.683,78,55,REST
751,180067,160785,-0.42,-0.563,0.698,78,55,REST
752,182732,171621,-0.5,-0.589,0.781,78,55,REST
753,185427,182322,-0.583,-0.611,0.769,78,55,REST
754,186321,185497,-0.647,-0.629,0.683,78,55,REST
755,185007,181304,-0.677,-0.626,0.599,78,55,REST
756,183494,172325,-0.656,-0.604,0.545,78,55,REST
757,181391,162075,-0.593,-0.55,0.574,78,55,REST
758,179180,155664,-0.332,-0.496,0.74,78,55,REST
759,178461,150325,-0.159,-0.463,0.796,78,55,OTHER
760,180492,149417,0.072,-0.405,0.829,78,55,OTHER
761,182361,149102,0.175,-0.365,0.818,78,55,OTHER
762,182241,149308,0.095,-0.327,0.828,78,55,OTHER
763,182398,151237,-0.014,-0.274,0.894,78,55,OTHER
764,182257,152376,-0.102,-0.223,0.95,78,55,OTHER
765,182102,153125,-0.169,-0.199,0.975,78,55,OTHER
766,182287,155591,-0.237,-0.209,0.955,78,55,OTHER
767,182517,156718,-0.32,-0.226,0.889,78,55,OTHER
768,183148,156710,-0.428,-0.265,0.797,78,55,OTHER
769,184025,156715,-0.51,-0.324,0.686,78,54,OTHER
770,184556,156764,-0.541,-0.408,0.592,78,54,OTHER
771,183628,154106,-0.558,-0.504,0.546,78,54,OTHER
772,182563,153695,-0.573,-0.58,0.557,78,54,OTHER
773,183354,158398,-0.615,-0.605,0.629,78,54,OTHER
774,186537,171058,-0.719,-0.598,0.664,78,54,OTHER
775,189113,182877,-0.822,-0.612,0.604,78,54,OTHER
776,188924,184778,-0.846,-0.626,0.535,78,54,OTHER
777,187005,180830,-0.78,-0.607,0.503,78,54,OTHER
778,186138,172179,-0.662,-0.558,0.543,78,54,OTHER
779,183416,161314,-0.522,-0.511,0.667,78,54,OTHER
780,180939,153433,-0.325,-0.485,0.79,78,54,OTHER
781,180552,148012,-0.105,-0.46,0.82,78,54,OTHER
782,182372,146448,0.067,-0.415,0.78,78,54,OTHER
783,183685,147309,0.169,-0.37,0.787,78,54,OTHER
784,183980,147925,0.17,-0.332,0.851,78,54,OTHER
785,183852,148954,0.107,-0.302,0.896,78,54,OTHER
786,183635,151478,0.047,-0.271,0.901,78,54,OTHER
787,182985,153672,0.01,-0.239,0.905,78,54,OTHER
788,182389,156154,-0.027,-0.228,0.933,78,54,OTHER
789,181685,157057,-0.072,-0.249,0.953,78,54,OTHER
790,181111,154756,-0.1,-0.291,0.925,78,54,OTHER
791,181501,152195,-0.128,-0.337,0.852,78,54,OTHER
792,182808,153301,-0.2,-0.414,0.753,78,54,OTHER
793,182219,151467,-0.348,-0.52,0.646,78,54,OTHER
794,181374,151878,-0.514,-0.593,0.614,78,54,OTHER
795,183652,157857,-0.637,-0.598,0.658,78,54,OTHER
796,186532,164861,-0.751,-0.595,0.635,78,54,OTHER
797,186320,167290,-0.823,-0.61,0.563,78,54,OTHER
798,186932,170556,-0.801,-0.622,0.508,78,54,OTHER
799,187319,171687,-0.738,-0.625,0.474,78,54,OTHER
800,187201,170891,-0.669,-0.604,0.483,78,54,OTHER
801,186221,167318,-0.614,-0.566,0.53,78,54,OTHER
802,184146,161759,-0.554,-0.516,0.639,78,54,OTHER
803,182653,155475,-0.41,-0.484,0.771,81,53,WALK
804,183333,152273,-0.199,-0.459,0.841,81,53,WALK
805,185770,151120,-0.073,-0.422,0.781,81,53,WALK
806,186033,152077,-0.092,-0.385,0.716,81,53,WALK
807,185907,152960,-0.101,-0.351,0.808,81,53,WALK
808,185821,152728,-0.051,-0.331,0.952,81,53,WALK
809,185709,152220,-0.026,-0.324,1.024,81,53,WALK
810,185727,152537,-0.027,-0.327,1.065,81,53,WALK
811,185730,152683,-0.029,-0.329,1.099,81,53,WALK
812,185811,153053,-0.026,-0.32,1.101,81,53,WALK
813,185787,153529,-0.038,-0.306,1.072,81,53,WALK
814,184839,148874,-0.074,-0.292,1.009,82,53,WALK
815,182961,143195,-0.138,-0.261,0.973,82,53,WALK
816,181995,144827,-0.146,-0.255,1.044,82,53,WALK
817,181322,145893,-0.06,-0.305,1.114,82,53,WALK
818,181516,146178,0.0,-0.287,1.229,82,53,WALK
819,182047,146082,-0.084,-0.153,1.446,82,53,WALK
820,182048,150643,-0.232,-0.004,1.582,82,53,WALK
821,181461,153517,-0.215,0.127,1.569,82,53,WALK
822,181040,154784,-0.062,0.232,1.455,82,53,WALK
823,180995,155835,0.049,0.27,1.304,82,53,WALK
824,180647,156294,0.08,0.259,1.103,82,53,WALK
825,180184,156287,0.083,0.184,0.878,82,53,WALK
826,180036,155809,0.102,0.04,0.703,82,53,WALK
827,180410,154671,0.063,-0.133,0.578,82,53,WALK
828,180122,154450,0.018,-0.275,0.525,82,53,WALK
829,179895,152962,0.056,-0.369,0.501,83,54,WALK
830,179556,150794,0.162,-0.492,0.441,83,54,WALK
831,179884,149711,0.263,-0.617,0.352,83,54,WALK
832,179970,149272,0.322,-0.696,0.241,83,54,WALK
833,179924,151151,0.372,-0.738,0.13,83,54,WALK
834,179526,152152,0.385,-0.759,-0.002,83,54,WALK
835,178905,152085,0.383,-0.777,-0.156,83,54,WALK
836,178725,152871,0.378,-0.805,-0.304,83,54,WALK
837,179130,153050,0.337,-0.833,-0.399,83,54,WALK
838,179749,153268,0.257,-0.821,-0.422,83,54,WALK
839,180309,153264,0.172,-0.738,-0.412,78,54,OTHER
840,180601,151739,0.092,-0.576,-0.343,78,54,OTHER
841,180795,149954,0.011,-0.385,-0.172,78,54,OTHER
842,180957,148118,-0.031,-0.199,0.106,78,54,OTHER
843,180683,146710,0.01,-0.022,0.444,78,54,OTHER
844,180320,148597,0.069,0.1,0.78,78,54,OTHER
845,180041,151451,0.076,0.172,1.059,78,54,OTHER
846,179952,153081,0.069,0.233,1.269,78,54,OTHER
847,179691,154103,0.059,0.293,1.4,78,54,OTHER
848,179379,154894,0.02,0.31,1.462,78,54,OTHER
849,178935,156423,-0.033,0.261,1.501,78,54,OTHER
850,178383,157959,-0.09,0.22,1.606,78,54,OTHER
851,178166,159272,-0.135,0.193,1.798,78,54,OTHER
852,178085,160331,-0.138,0.16,1.928,78,54,OTHER
853,178077,160762,-0.136,0.155,1.94,78,54,OTHER
854,177958,161093,-0.171,0.182,1.875,78,54,OTHER
855,177749,161757,-0.196,0.216,1.777,78,54,OTHER
856,177645,162620,-0.168,0.236,1.674,78,54,OTHER
857,177619,163082,-0.12,0.243,1.557,78,54,OTHER
858,177552,163305,-0.078,0.235,1.405,78,54,OTHER
859,177670,163402,-0.047,0.201,1.224,78,50,OTHER
860,177720,163205,-0.035,0.145,1.012,78,50,OTHER
861,177840,162402,-0.046,0.064,0.778,78,50,OTHER
862,178109,160932,-0.061,-0.054,0.544,78,50,OTHER
863,178593,157034,-0.055,-0.18,0.286,78,50,OTHER
864,178856,155360,-0.022,-0.295,0.006,78,50,OTHER
865,179089,157362,0.041,-0.417,-0.274,78,50,OTHER
866,179186,157561,0.182,-0.535,-0.529,78,50,OTHER
867,179279,157063,0.4,-0.631,-0.705,78,50,OTHER
868,179364,156295,0.608,-0.701,-0.777,78,50,OTHER
869,179417,155219,0.722,-0.745,-0.751,78,50,OTHER
870,179368,154473,0.715,-0.751,-0.643,78,50,OTHER
871,179356,154493,0.494,-0.711,-0.384,78,50,OTHER
872,179571,154931,0.168,-0.527,-0.13,78,50,OTHER
873,179535,153242,0.168,-0.527,-0.13,78,50,OTHER
874,179252,150667,0.032,-0.387,0.011,78,52,OTHER
875,178720,149176,-0.046,-0.233,0.193,78,52,OTHER
876,178192,147669,-0.037,-0.07,0.438,78,52,OTHER
877,177795,152140,0.021,0.046,0.697,78,52,OTHER
878,177711,156883,0.058,0.094,0.921,78,52,OTHER
879,177680,159553,0.017,0.096,1.1,78,52,OTHER
880,177576,161528,-0.034,0.133,1.244,78,52,OTHER
881,177664,162331,-0.031,0.201,1.355,78,52,OTHER
882,177588,163217,-0.018,0.24,1.459,78,52,OTHER
883,177803,164025,-0.045,0.251,1.541,78,52,OTHER
884,177861,164450,-0.15,0.216,1.56,78,52,OTHER
885,178151,164716,-0.271,0.18,1.53,78,52,OTHER
886,178630,164860,-0.357,0.165,1.458,78,52,OTHER
887,178930,164710,-0.412,0.147,1.407,78,52,OTHER
888,178964,164553,-0.445,0.15,1.443,79,52,OTHER
889,178815,164596,-0.436,0.176,1.529,79,52,OTHER
890,178558,164893,-0.38,0.201,1.584,79,52,OTHER
891,178229,165202,-0.329,0.196,1.562,79,52,OTHER
892,178043,165282,-0.308,0.168,1.517,79,52,OTHER
893,177945,165324,-0.288,0.147,1.458,79,52,OTHER
894,177743,165435,-0.275,0.12,1.389,79,52,OTHER
895,177679,165688,-0.26,0.094,1.277,79,52,OTHER
896,177798,165865,-0.238,0.06,1.095,79,52,OTHER
897,177944,165941,-0.223,0.0,0.871,79,52,OTHER
898,178040,165566,-0.198,-0.093,0.631,79,52,OTHER
899,178034,164561,-0.155,-0.214,0.408,79,52,OTHER
900,178067,163753,-0.094,-0.332,0.192,79,52,OTHER
901,178509,161331,-0.031,-0.448,-0.019,79,52,OTHER
902,178886,156720,0.062,-0.564,-0.21,79,52,OTHER
903,179272,158639,0.205,-0.652,-0.404,79,52,OTHER
904,179240,158528,0.381,-0.707,-0.565,79,51,OTHER
905,179107,157512,0.58,-0.748,-0.635,79,51,OTHER
906,178930,157148,0.715,-0.77,-0.635,79,51,OTHER
907,178612,156101,0.732,-0.761,-0.584,79,51,OTHER
908,178323,155052,0.655,-0.73,-0.488,79,51,OTHER
909,178227,155796,0.544,-0.686,-0.393,79,51,OTHER
910,177998,156450,0.419,-0.631,-0.323,79,51,OTHER
911,177002,153409,0.253,-0.547,-0.199,79,51,OTHER
912,176624,150483,0.105,-0.421,0.031,79,51,OTHER
913,176591,149395,0.016,-0.283,0.281,79,51,OTHER
914,176520,151699,-0.005,-0.155,0.538,79,51,OTHER
915,176356,158802,-0.008,-0.071,0.773,79,51,OTHER
916,175879,160948,-0.108,-0.066,0.898,79,51,OTHER
917,175753,162207,-0.26,-0.061,1.02,79,51,OTHER
918,176394,164398,-0.309,0.0,1.123,79,51,OTHER
919,176409,165762,-0.268,0.066,1.192,79,51,OTHER
920,176683,167479,-0.208,0.112,1.307,79,51,OTHER
921,176470,168101,-0.242,0.124,1.368,79,51,OTHER
922,176445,168184,-0.329,0.101,1.406,79,51,OTHER
923,176200,168352,-0.402,0.092,1.495,79,51,OTHER
924,175937,168873,-0.485,0.106,1.637,79,51,OTHER
925,175725,169779,-0.516,0.132,1.795,79,51,OTHER
926,175407,170968,-0.506,0.176,1.876,79,51,OTHER
927,175160,171667,-0.468,0.211,1.866,79,51,OTHER
928,175104,172152,-0.427,0.225,1.783,79,51,OTHER
929,175113,172548,-0.39,0.224,1.64,79,51,OTHER
930,175183,172823,-0.348,0.204,1.471,79,51,OTHER
931,175295,173113,-0.298,0.18,1.279,79,51,OTHER
932,175510,173372,-0.238,0.136,1.055,79,51,OTHER
933,175713,173253,-0.185,0.054,0.814,79,51,OTHER
934,175912,172794,-0.143,-0.047,0.563,79,51,OTHER
935,176315,171746,-0.092,-0.16,0.301,79,51,OTHER
936,176911,169368,-0.034,-0.282,0.04,80,51,OTHER
937,177480,166567,0.033,-0.396,-0.202,80,51,OTHER
938,177872,160449,0.152,-0.513,-0.416,80,51,OTHER
939,177660,158490,0.352,-0.621,-0.568,80,51,OTHER
940,177464,158218,0.587,-0.721,-0.638,80,51,OTHER
941,177335,157674,0.75,-0.778,-0.634,80,51,OTHER
942,177258,156667,0.78,-0.759,-0.564,80,51,OTHER
943,177154,155731,0.716,-0.724,-0.452,80,51,OTHER
944,177171,155737,0.613,-0.689,-0.339,80,51,OTHER
945,177272,155785,0.5,-0.638,-0.242,80,51,OTHER
946,177425,156058,0.384,-0.576,-0.172,80,51,OTHER
947,177611,154888,0.236,-0.503,-0.123,82,2,WALK
948,178071,152690,0.068,-0.397,0.004,82,2,WALK
949,178496,151644,-0.043,-0.219,0.213,83,2,WALK
950,178956,151979,-0.065,-0.034,0.45,83,2,WALK
951,178654,150848,-0.104,0.065,0.645,83,2,WALK
952,178891,154642,-0.309,0.067,0.846,83,2,WALK
953,179666,156956,-0.507,0.053,1.087,83,2,WALK
954,179552,158765,-0.585,0.108,1.291,83,2,WALK
955,179587,164996,-0.603,0.165,1.502,83,2,WALK
956,179503,168360,-0.62,0.16,1.657,83,2,WALK
957,179292,169337,-0.626,0.131,1.647,83,2,WALK
958,179008,170091,-0.571,0.081,1.555,83,2,WALK
959,178706,171010,-0.531,0.049,1.504,83,2,WALK
960,178283,171626,-0.508,0.067,1.492,83,2,WALK
961,178131,172347,-0.483,0.106,1.554,83,2,WALK
962,177860,173154,-0.487,0.159,1.651,83,2,WALK
963,177773,173687,-0.522,0.177,1.677,83,2,WALK
964,177737,174089,-0.525,0.168,1.633,84,48,WALK
965,177697,174577,-0.472,0.163,1.542,84,48,WALK
966,177675,175113,-0.397,0.14,1.406,84,48,WALK
967,177964,175650,-0.322,0.104,1.208,84,48,WALK
968,178406,175891,-0.241,0.066,0.957,84,48,WALK
969,178672,175770,-0.177,0.012,0.689,84,48,WALK
970,178661,175425,-0.118,-0.051,0.445,84,48,WALK
971,178774,174251,-0.06,-0.154,0.208,84,48,WALK
972,179110,171283,0.009,-0.287,-0.037,84,48,WALK
973,179399,167589,0.138,-0.419,-0.256,84,48,WALK
974,179486,161578,0.351,-0.546,-0.411,84,48,WALK
975,179369,158992,0.591,-0.642,-0.477,84,48,WALK
976,179385,159125,0.818,-0.697,-0.489,84,48,WALK
977,179349,158630,0.95,-0.715,-0.483,84,48,WALK
978,179265,157680,0.919,-0.695,-0.426,84,48,WALK
979,179122,157149,0.806,-0.682,-0.334,85,48,WALK
980,179162,157129,0.678,-0.688,-0.252,85,48,WALK
981,179449,158192,0.539,-0.694,-0.19,85,48,WALK
982,179736,157958,0.375,-0.671,-0.166,85,48,WALK
983,179652,154831,0.157,-0.606,-0.081,85,48,WALK
984,179769,153192,-0.089,-0.323,0.316,85,48,WALK
985,179796,152323,-0.064,-0.2,0.541,85,48,WALK
986,179529,153846,-0.031,-0.115,0.726,85,48,WALK
987,179425,158366,-0.079,-0.069,0.834,85,48,WALK
988,179296,160240,-0.199,-0.043,0.925,85,48,WALK
989,179427,164396,-0.258,0.006,1.041,85,48,WALK
990,179514,167705,-0.24,0.097,1.174,85,48,WALK
991,179381,169788,-0.236,0.151,1.33,85,48,WALK
992,179344,172133,-0.255,0.158,1.457,85,48,WALK
993,179237,173646,-0.296,0.145,1.498,85,48,WALK
994,179230,174366,-0.314,0.107,1.46,85,49,WALK
995,179273,174836,-0.318,0.098,1.385,85,49,WALK
996,179136,175204,-0.314,0.111,1.288,85,49,WALK
997,179002,175535,-0.309,0.103,1.198,85,49,WALK
998,178963,175769,-0.316,0.081,1.12,85,49,WALK
999,179167,176059,-0.318,0.059,1.022,85,49,WALK
1000,179524,176371,-0.332,0.052,0.943,85,49,WALK
1001,179716,176646,-0.374,0.082,0.895,85,49,WALK
1002,179637,177143,-0.428,0.133,0.863,85,49,WALK
1003,179483,177847,-0.444,0.169,0.831,85,49,WALK
1004,179247,178522,-0.44,0.154,0.784,85,49,WALK
1005,179246,178554,-0.478,0.062,0.761,85,49,WALK
1006,179167,178150,-0.516,-0.053,0.74,85,49,WALK
1007,179556,177313,-0.544,-0.182,0.695,85,49,WALK
1008,180681,175366,-0.528,-0.297,0.637,85,49,WALK
1009,181733,171586,-0.511,-0.406,0.602,86,50,WALK
1010,182672,166355,-0.511,-0.504,0.598,86,50,WALK
1011,183579,162331,-0.513,-0.581,0.575,86,50,WALK
1012,184489,163950,-0.559,-0.644,0.53,86,50,WALK
1013,185031,164454,-0.595,-0.655,0.499,86,50,WALK
1014,185707,166468,-0.624,-0.633,0.461,86,50,WALK
1015,186232,168655,-0.687,-0.579,0.372,86,50,WALK
1016,186698,170376,-0.786,-0.498,0.269,86,50,WALK
1017,187087,171941,-0.89,-0.412,0.162,86,50,WALK
1018,187624,174129,-0.965,-0.32,0.042,86,50,WALK
1019,187417,175331,-1.027,-0.229,-0.076,86,50,WALK
1020,187384,175613,-1.046,-0.141,-0.183,86,50,WALK
1021,187541,175014,-1.031,-0.063,-0.256,86,50,WALK
1022,187721,174253,-1.015,0.0,-0.31,86,50,WALK
1023,187944,172641,-1.017,0.065,-0.372,86,50,WALK
1024,187806,167402,-1.038,0.145,-0.437,87,50,WALK
1025,187340,163051,-1.025,0.216,-0.46,87,50,WALK
1026,186457,159336,-0.994,0.246,-0.439,87,50,WALK
1027,185070,155970,-0.956,0.245,-0.411,87,50,WALK
1028,183082,154199,-0.923,0.24,-0.386,87,50,WALK
1029,181596,161805,-0.915,0.247,-0.379,87,50,WALK
1030,181041,165090,-0.921,0.267,-0.381,87,50,WALK
1031,180940,166278,-0.922,0.287,-0.358,87,50,WALK
1032,180912,166665,-0.916,0.297,-0.32,87,50,WALK
1033,180884,166903,-0.91,0.301,-0.299,87,50,WALK
1034,180807,167003,-0.908,0.307,-0.296,87,50,WALK
1035,180658,166840,-0.907,0.313,-0.299,87,50,WALK
1036,180636,166783,-0.908,0.32,-0.296,87,50,WALK
1037,180684,166887,-0.91,0.325,-0.291,87,50,WALK
1038,180750,167079,-0.906,0.326,-0.282,87,50,WALK
1039,180805,167192,-0.904,0.327,-0.274,88,7,WALK
1040,180850,167354,-0.903,0.324,-0.27,88,7,WALK
1041,180851,167860,-0.902,0.321,-0.266,88,7,WALK
1042,180841,168100,-0.904,0.319,-0.271,88,7,WALK
1043,180839,168344,-0.905,0.319,-0.275,88,7,WALK
1044,180879,168562,-0.906,0.32,-0.273,88,7,WALK
1045,181026,168654,-0.906,0.32,-0.274,88,7,WALK
1046,181179,168664,-0.905,0.319,-0.276,88,7,WALK
1047,181348,168709,-0.904,0.317,-0.276,88,7,WALK
1048,181482,168705,-0.903,0.316,-0.278,88,7,WALK
1049,181568,168779,-0.903,0.316,-0.277,88,7,WALK
1050,181582,168780,-0.903,0.316,-0.279,88,7,WALK
1051,181580,168660,-0.903,0.317,-0.286,88,7,WALK
1052,181579,168440,-0.903,0.317,-0.289,88,7,WALK
1053,181585,168219,-0.903,0.316,-0.288,88,7,WALK
1054,181570,168111,-0.903,0.316,-0.285,89,8,WALK
1055,181510,168106,-0.903,0.315,-0.282,89,8,WALK
1056,181436,168103,-0.902,0.315,-0.283,89,8,WALK
1057,181376,168021,-0.902,0.315,-0.287,89,8,WALK
1058,181363,167988,-0.902,0.316,-0.289,89,8,WALK
1059,181369,167922,-0.902,0.318,-0.29,89,8,WALK
1060,181393,167818,-0.902,0.32,-0.29,89,8,WALK
1061,181447,167790,-0.902,0.32,-0.287,89,8,WALK
1062,181467,167821,-0.902,0.319,-0.286,89,8,WALK
1063,181470,167787,-0.902,0.319,-0.288,89,8,WALK
1064,181495,167714,-0.901,0.319,-0.29,89,8,WALK
1065,181475,167567,-0.902,0.32,-0.291,89,8,WALK
1066,181395,167422,-0.902,0.32,-0.29,89,8,WALK
1067,181277,167272,-0.902,0.319,-0.29,89,8,WALK
1068,181158,167111,-0.902,0.321,-0.291,89,8,WALK
1069,181065,166958,-0.902,0.323,-0.291,89,8,WALK
1070,181000,166812,-0.901,0.323,-0.292,89,8,WALK
1071,180950,166687,-0.902,0.322,-0.292,83,52,OTHER
1072,180918,166619,-0.902,0.322,-0.29,83,52,OTHER
1073,180900,166533,-0.902,0.322,-0.289,83,52,OTHER
1074,180869,166421,-0.902,0.32,-0.291,83,52,OTHER
1075,180867,166306,-0.902,0.32,-0.29,83,52,OTHER
1076,180895,166133,-0.902,0.32,-0.29,83,52,OTHER
1077,180945,166075,-0.903,0.319,-0.289,84,52,OTHER
1078,180982,166014,-0.903,0.318,-0.286,84,52,OTHER
1079,181031,165982,-0.903,0.318,-0.285,84,52,OTHER
1080,181013,165877,-0.902,0.317,-0.285,84,52,OTHER
1081,180906,165674,-0.903,0.317,-0.285,84,52,OTHER
1082,180760,165465,-0.903,0.316,-0.284,84,52,OTHER
1083,180607,165217,-0.903,0.316,-0.284,84,52,OTHER
1084,180457,165041,-0.903,0.316,-0.283,84,52,OTHER
1085,180345,164875,-0.903,0.317,-0.284,84,52,OTHER
1086,180280,164770,-0.902,0.317,-0.284,84,52,OTHER
1087,180200,164635,-0.902,0.317,-0.284,84,52,OTHER
1088,180148,164524,-0.903,0.316,-0.284,84,52,OTHER
1089,180087,164437,-0.903,0.316,-0.285,84,52,OTHER
1090,180043,164323,-0.903,0.317,-0.285,84,52,OTHER
1091,180033,164273,-0.903,0.318,-0.284,84,52,OTHER
1092,180028,164225,-0.903,0.317,-0.285,84,52,OTHER
1093,180033,164186,-0.903,0.316,-0.285,84,52,OTHER
1094,180037,164206,-0.903,0.316,-0.284,84,52,OTHER
1095,179981,164142,-0.903,0.317,-0.284,84,52,OTHER
1096,179804,163928,-0.903,0.317,-0.285,84,52,OTHER
1097,179583,163688,-0.903,0.316,-0.284,84,52,OTHER
1098,179351,163437,-0.903,0.316,-0.284,84,52,OTHER
1099,179102,163211,-0.903,0.317,-0.284,84,53,OTHER
1100,178945,163053,-0.903,0.317,-0.282,84,53,OTHER
1101,178820,162954,-0.903,0.317,-0.282,84,53,OTHER
1102,178696,162884,-0.903,0.316,-0.282,84,53,OTHER
1103,178573,162812,-0.903,0.316,-0.283,84,53,OTHER
1104,178456,162734,-0.903,0.317,-0.283,84,53,OTHER
1105,178365,162667,-0.903,0.318,-0.283,84,53,OTHER
1106,178309,162598,-0.903,0.317,-0.283,84,53,OTHER
1107,178263,162592,-0.903,0.317,-0.282,84,53,OTHER
1108,178223,162571,-0.903,0.316,-0.283,84,53,OTHER
1109,178193,162539,-0.903,0.316,-0.283,84,53,OTHER
1110,178149,162482,-0.903,0.316,-0.282,84,53,OTHER
1111,177969,162292,-0.904,0.316,-0.281,84,53,OTHER
1112,177697,162073,-0.904,0.315,-0.281,85,53,OTHER
1113,177395,161844,-0.904,0.316,-0.281,85,53,OTHER
1114,177109,161633,-0.903,0.317,-0.28,85,53,OTHER
1115,176872,161496,-0.903,0.317,-0.281,85,53,OTHER
1116,176708,161417,-0.903,0.317,-0.281,85,53,OTHER
1117,176569,161293,-0.903,0.315,-0.281,85,53,REST
1118,176438,161203,-0.904,0.314,-0.281,85,53,REST
1119,176294,161112,-0.904,0.315,-0.28,85,53,REST
1120,176182,161058,-0.903,0.317,-0.28,85,53,REST
1121,176083,161004,-0.904,0.316,-0.28,85,53,REST
1122,176005,160983,-0.904,0.315,-0.28,85,53,REST
1123,175955,160986,-0.903,0.315,-0.281,85,53,REST
1124,175921,160978,-0.903,0.316,-0.282,85,53,REST
1125,175919,160955,-0.903,0.317,-0.281,85,53,REST
1126,175889,160918,-0.903,0.317,-0.279,85,53,REST
1127,175701,160715,-0.904,0.315,-0.279,85,53,REST
1128,175411,160524,-0.905,0.315,-0.278,85,53,REST
1129,175099,160342,-0.904,0.315,-0.277,85,53,REST
1130,174830,160180,-0.903,0.316,-0.276,85,53,REST
1131,174612,160047,-0.903,0.316,-0.276,85,53,REST
1132,174460,159969,-0.903,0.316,-0.276,85,53,REST
1133,174334,159938,-0.903,0.315,-0.276,85,53,REST
1134,174198,159906,-0.904,0.314,-0.277,85,53,REST
1135,174077,159864,-0.904,0.315,-0.278,85,53,REST
1136,173996,159822,-0.904,0.316,-0.277,85,53,REST
1137,173926,159818,-0.903,0.316,-0.276,85,53,REST
1138,173893,159832,-0.904,0.315,-0.278,85,53,REST
1139,173885,159880,-0.904,0.314,-0.278,85,53,REST
1140,173879,159916,-0.904,0.314,-0.277,85,53,REST
1141,173893,159964,-0.904,0.315,-0.277,85,53,REST
1142,173907,160001,-0.904,0.315,-0.277,85,53,REST
1143,173816,159996,-0.904,0.314,-0.275,85,53,REST
1144,173561,159901,-0.905,0.314,-0.276,85,52,REST
1145,173233,159812,-0.905,0.314,-0.276,85,52,REST
1146,172962,159745,-0.904,0.315,-0.276,85,52,REST
1147,172719,159730,-0.903,0.316,-0.277,85,52,REST
1148,172510,159728,-0.903,0.316,-0.278,85,52,REST
1149,172379,159749,-0.903,0.316,-0.279,86,52,REST
1150,172251,159753,-0.904,0.315,-0.278,86,52,REST
1151,172128,159840,-0.905,0.316,-0.276,86,52,REST
1152,171956,159976,-0.904,0.317,-0.276,86,52,REST
1153,171803,160102,-0.904,0.317,-0.278,86,52,REST
1154,171729,160215,-0.904,0.317,-0.281,86,52,REST
1155,171673,160361,-0.903,0.316,-0.281,86,52,REST
1156,171634,160415,-0.903,0.316,-0.28,86,52,REST
1157,171614,160528,-0.903,0.317,-0.28,86,52,REST
1158,171593,160601,-0.903,0.317,-0.281,86,52,REST
1159,171505,160664,-0.903,0.318,-0.281,86,52,REST
1160,171299,160618,-0.904,0.318,-0.28,86,52,REST
1161,170987,160583,-0.904,0.317,-0.279,86,52,REST
1162,170668,160540,-0.903,0.317,-0.28,86,52,REST
1163,170393,160517,-0.903,0.318,-0.281,86,52,REST
1164,170162,160518,-0.902,0.318,-0.282,86,52,REST
1165,170004,160525,-0.903,0.318,-0.283,86,52,REST
1166,169870,160509,-0.903,0.318,-0.283,86,52,REST
1167,169720,160504,-0.903,0.318,-0.283,86,52,REST
1168,169618,160526,-0.903,0.319,-0.282,86,52,REST
1169,169504,160538,-0.902,0.32,-0.283,86,52,REST
1170,169454,160537,-0.902,0.32,-0.285,86,52,REST
1171,169415,160528,-0.902,0.319,-0.286,86,52,REST
1172,169409,160548,-0.902,0.318,-0.285,86,52,REST
1173,169422,160579,-0.902,0.319,-0.283,86,52,REST
1174,169459,160568,-0.902,0.321,-0.284,86,52,REST
1175,169467,160597,-0.902,0.321,-0.283,86,52,REST
1176,169334,160518,-0.903,0.319,-0.283,86,52,REST
1177,169096,160395,-0.903,0.318,-0.282,86,52,REST
1178,168849,160245,-0.903,0.318,-0.282,86,52,REST
1179,168667,160121,-0.902,0.319,-0.281,86,52,REST
1180,168534,160071,-0.902,0.32,-0.28,86,52,REST
1181,168474,160079,-0.902,0.319,-0.28,86,52,REST
1182,168449,160037,-0.903,0.319,-0.279,86,52,REST
1183,168426,160056,-0.903,0.318,-0.277,86,52,REST
1184,168400,160090,-0.903,0.317,-0.277,86,52,REST
1185,168395,160116,-0.903,0.319,-0.277,86,52,REST
1186,168421,160180,-0.904,0.319,-0.277,86,82,REST
1187,168448,160237,-0.904,0.317,-0.277,87,83,REST
1188,168515,160313,-0.904,0.317,-0.277,87,84,REST
1189,168600,160383,-0.904,0.317,-0.276,87,85,REST
1190,168677,160429,-0.903,0.318,-0.276,87,85,REST
1191,168735,160458,-0.903,0.318,-0.276,87,86,REST
1192,168652,160404,-0.904,0.317,-0.275,87,87,REST
1193,168439,160271,-0.905,0.316,-0.276,87,87,REST
1194,168216,160234,-0.905,0.316,-0.275,87,88,REST
1195,168026,160164,-0.904,0.317,-0.274,87,89,REST
1196,167880,160145,-0.903,0.318,-0.274,87,89,REST
1197,167806,160215,-0.903,0.317,-0.275,87,90,REST
1198,167754,160288,-0.903,0.315,-0.275,87,90,REST
1199,167683,160316,-0.904,0.315,-0.276,87,91,REST
1200,167638,160356,-0.904,0.315,-0.277,87,91,REST
1201,167619,160379,-0.904,0.317,-0.277,87,91,REST
1202,167625,160439,-0.904,0.318,-0.276,87,92,REST
1203,167661,160526,-0.904,0.317,-0.275,87,92,REST
1204,167704,160591,-0.903,0.315,-0.276,87,93,REST
1205,167778,160670,-0.903,0.315,-0.275,87,93,REST
1206,167863,160738,-0.903,0.315,-0.275,87,93,REST
1207,167945,160815,-0.903,0.316,-0.275,87,94,REST
1208,167929,160807,-0.904,0.316,-0.276,87,94,REST
1209,167764,160725,-0.904,0.315,-0.276,87,94,REST
1210,167547,160664,-0.905,0.315,-0.275,87,94,REST
1211,167350,160598,-0.904,0.316,-0.275,87,95,REST
1212,167193,160562,-0.903,0.316,-0.275,87,95,REST
1213,167092,160546,-0.903,0.315,-0.276,87,95,REST
1214,167017,160559,-0.904,0.316,-0.275,87,95,REST
1215,167025,160571,-0.905,0.316,-0.275,87,96,REST
1216,166978,160603,-0.905,0.315,-0.275,87,96,REST
1217,167001,160654,-0.904,0.315,-0.275,87,96,REST
1218,167019,160699,-0.904,0.315,-0.275,87,96,REST
1219,167058,160740,-0.904,0.315,-0.275,87,96,REST
1220,167097,160825,-0.904,0.315,-0.274,87,96,REST
1221,167163,160928,-0.904,0.315,-0.274,87,97,REST
1222,167238,161026,-0.904,0.315,-0.275,87,97,REST
1223,167331,161107,-0.904,0.315,-0.277,88,97,REST
1224,167430,161155,-0.904,0.315,-0.276,88,97,REST
1225,167412,161157,-0.904,0.315,-0.274,88,97,REST
1226,167257,161095,-0.905,0.314,-0.274,88,97,REST
1227,167070,161069,-0.905,0.315,-0.274,88,97,REST
1228,166861,161006,-0.904,0.316,-0.274,88,97,REST
1229,166740,160986,-0.903,0.316,-0.274,88,98,REST
1230,166671,160987,-0.903,0.316,-0.275,88,98,REST
1231,166652,161008,-0.904,0.316,-0.274,88,98,REST
1232,166625,161042,-0.904,0.316,-0.274,88,98,REST
1233,166603,161073,-0.904,0.317,-0.274,88,98,REST
1234,166609,161122,-0.904,0.318,-0.273,88,98,REST
1235,166637,161165,-0.904,0.318,-0.273,85,98,REST
1236,166682,161246,-0.904,0.317,-0.273,85,98,REST
1237,166742,161324,-0.904,0.316,-0.273,85,98,REST
1238,166820,161413,-0.904,0.317,-0.272,85,98,REST
1239,166915,161516,-0.904,0.317,-0.272,85,98,REST
1240,167004,161563,-0.903,0.317,-0.273,85,99,REST
1241,167112,161608,-0.904,0.317,-0.273,85,99,REST
1242,167189,161652,-0.904,0.317,-0.272,85,99,REST
1243,167156,161621,-0.905,0.316,-0.272,85,99,REST
1244,166985,161495,-0.905,0.316,-0.273,85,99,REST
1245,166818,161443,-0.904,0.316,-0.273,85,99,REST
1246,166692,161409,-0.904,0.317,-0.273,85,99,REST
1247,166599,161344,-0.903,0.316,-0.274,85,99,REST
1248,166574,161337,-0.903,0.316,-0.273,85,99,REST
1249,166591,161393,-0.904,0.316,-0.273,86,99,REST
1250,166591,161398,-0.904,0.316,-0.274,86,99,REST
1251,166612,161443,-0.904,0.316,-0.274,86,99,REST
1252,166631,161449,-0.904,0.317,-0.274,86,99,REST
1253,166698,161479,-0.904,0.317,-0.273,86,99,REST
1254,166779,161532,-0.904,0.316,-0.273,86,99,REST
1255,166885,161633,-0.904,0.317,-0.273,86,99,REST
1256,166992,161745,-0.904,0.317,-0.273,86,99,REST
1257,167110,161840,-0.904,0.318,-0.273,86,99,REST
1258,167193,161876,-0.903,0.318,-0.272,86,99,REST
1259,167341,161928,-0.903,0.318,-0.271,86,99,REST
1260,167486,162012,-0.904,0.317,-0.27,86,99,REST
1261,167523,162047,-0.904,0.317,-0.27,86,99,REST
1262,167391,161983,-0.905,0.317,-0.271,86,99,REST
1263,167258,161905,-0.905,0.317,-0.272,86,99,REST
1264,167138,161836,-0.904,0.318,-0.27,86,99,REST
1265,167067,161827,-0.903,0.318,-0.27,86,99,REST
1266,167024,161828,-0.904,0.317,-0.27,86,99,REST
1267,167032,161872,-0.904,0.316,-0.27,86,99,REST
1268,167038,161911,-0.905,0.316,-0.271,86,99,REST
1269,167060,161967,-0.905,0.316,-0.271,86,99,REST
1270,167087,162013,-0.904,0.317,-0.271,86,99,REST
1271,167127,162088,-0.905,0.318,-0.27,86,99,REST
1272,167194,162184,-0.905,0.317,-0.27,86,99,REST
1273,167273,162289,-0.905,0.317,-0.27,86,99,REST
1274,167354,162407,-0.905,0.317,-0.271,86,99,REST
1275,167424,162529,-0.904,0.317,-0.27,86,99,REST
1276,167499,162650,-0.904,0.318,-0.271,86,99,REST
1277,167571,162747,-0.904,0.318,-0.271,86,99,REST
1278,167663,162820,-0.904,0.319,-0.273,86,99,REST
1279,167738,162891,-0.903,0.318,-0.273,86,99,REST
1280,167677,162907,-0.904,0.317,-0.272,86,99,REST
1281,167511,162852,-0.904,0.317,-0.273,86,99,REST
1282,167343,162774,-0.904,0.317,-0.275,86,99,REST
1283,167212,162719,-0.903,0.318,-0.275,86,99,REST
1284,167130,162701,-0.903,0.319,-0.275,86,99,REST
1285,167079,162712,-0.903,0.319,-0.276,86,99,REST
1286,167065,162725,-0.903,0.318,-0.275,86,99,REST
1287,167055,162753,-0.904,0.317,-0.276,86,99,REST
1288,167050,162789,-0.904,0.317,-0.278,86,99,REST
1289,167049,162813,-0.903,0.317,-0.278,86,99,REST
1290,167087,162873,-0.903,0.317,-0.277,86,99,REST
1291,167135,162944,-0.903,0.317,-0.278,86,99,REST
1292,167201,163029,-0.903,0.316,-0.279,86,99,REST
1293,167285,163121,-0.903,0.317,-0.279,86,99,REST
1294,167350,163195,-0.903,0.318,-0.279,86,99,REST
1295,167444,163237,-0.903,0.318,-0.279,86,99,REST
1296,167543,163232,-0.903,0.318,-0.28,86,99,REST
1297,167641,163249,-0.903,0.317,-0.28,86,99,REST
1298,167672,163234,-0.904,0.317,-0.278,87,99,REST
1299,167552,163133,-0.904,0.318,-0.277,87,99,REST
1300,167459,163006,-0.904,0.318,-0.277,87,99,REST
1301,167384,162906,-0.903,0.317,-0.277,87,99,REST
1302,167335,162853,-0.903,0.317,-0.275,87,99,REST
1303,167351,162831,-0.903,0.318,-0.275,87,99,REST
1304,167413,162831,-0.903,0.318,-0.274,87,99,REST
1305,167468,162841,-0.904,0.318,-0.273,87,99,REST
1306,167498,162862,-0.904,0.318,-0.272,87,99,REST
1307,167558,162877,-0.904,0.318,-0.272,87,99,REST
1308,167635,162905,-0.904,0.319,-0.272,87,99,REST
1309,167727,162940,-0.904,0.318,-0.273,87,99,REST
1310,167848,162986,-0.904,0.317,-0.273,87,99,REST
1311,167958,163046,-0.904,0.317,-0.272,87,99,REST
1312,168097,163116,-0.904,0.317,-0.272,87,99,REST
1313,168214,163159,-0.904,0.316,-0.271,87,99,REST
1314,168353,163185,-0.904,0.316,-0.272,87,99,REST
1315,168475,163202,-0.904,0.317,-0.272,87,99,REST
1316,168515,163204,-0.904,0.316,-0.271,87,99,REST
1317,168440,163105,-0.905,0.316,-0.27,87,99,REST
1318,168292,163003,-0.905,0.315,-0.27,87,99,REST
1319,168237,162897,-0.905,0.315,-0.271,87,99,REST
1320,168193,162818,-0.904,0.316,-0.272,87,99,REST
1321,168188,162764,-0.904,0.316,-0.273,87,99,REST
1322,168206,162751,-0.904,0.316,-0.271,87,99,REST
1323,168252,162753,-0.905,0.316,-0.27,87,99,REST
1324,168322,162771,-0.905,0.316,-0.27,87,99,REST
1325,168360,162788,-0.904,0.317,-0.27,87,99,REST
1326,168425,162798,-0.905,0.316,-0.27,87,99,REST
1327,168508,162841,-0.905,0.316,-0.27,87,99,REST
1328,168611,162886,-0.905,0.317,-0.27,87,99,REST
1329,168724,162930,-0.905,0.317,-0.27,87,99,REST
1330,168828,162988,-0.904,0.317,-0.269,87,99,REST
1331,168940,163031,-0.904,0.317,-0.27,87,99,REST
1332,169068,163047,-0.904,0.317,-0.27,87,99,REST
1333,169192,163068,-0.904,0.316,-0.269,87,99,REST
1334,169251,163062,-0.905,0.316,-0.269,87,99,REST
1335,169144,162938,-0.905,0.316,-0.27,87,99,REST
1336,169010,162788,-0.905,0.316,-0.269,87,99,REST
1337,168918,162647,-0.904,0.317,-0.269,87,99,REST
1338,168828,162495,-0.904,0.317,-0.269,87,99,REST
1339,168785,162432,-0.904,0.317,-0.27,87,99,REST
1340,168788,162376,-0.904,0.317,-0.268,87,99,REST
1341,168771,162342,-0.904,0.317,-0.269,87,99,REST
1342,168808,162311,-0.904,0.317,-0.269,87,99,REST
1343,168785,162274,-0.904,0.317,-0.268,87,99,REST
1344,168862,162265,-0.904,0.318,-0.268,87,99,REST
1345,168889,162260,-0.905,0.318,-0.269,87,99,REST
1346,168960,162279,-0.904,0.317,-0.268,87,99,REST
1347,169047,162300,-0.904,0.317,-0.268,87,99,REST
1348,169124,162338,-0.904,0.317,-0.268,87,99,REST
1349,169207,162345,-0.904,0.317,-0.268,87,99,REST
1350,169301,162376,-0.904,0.317,-0.268,87,99,REST
1351,169365,162350,-0.904,0.318,-0.268,87,99,REST
1352,169442,162350,-0.904,0.317,-0.267,88,99,REST
1353,169421,162267,-0.905,0.317,-0.267,88,99,REST
1354,169275,162077,-0.905,0.317,-0.268,88,99,REST
1355,169104,161874,-0.905,0.317,-0.267,88,99,REST
1356,168948,161684,-0.904,0.318,-0.267,88,99,REST
1357,168830,161537,-0.904,0.318,-0.267,88,99,REST
1358,168744,161421,-0.904,0.318,-0.267,88,99,REST
1359,168687,161346,-0.904,0.318,-0.267,88,99,REST
1360,168619,161260,-0.904,0.318,-0.267,88,99,REST
1361,168540,161179,-0.905,0.318,-0.267,88,99,REST
1362,168475,161131,-0.904,0.319,-0.266,88,99,REST
1363,168428,161056,-0.904,0.319,-0.267,88,99,REST
1364,168398,161023,-0.904,0.318,-0.267,88,99,REST
1365,168382,160993,-0.904,0.318,-0.267,88,99,REST
1366,168373,160977,-0.904,0.319,-0.267,88,99,REST
1367,168374,160975,-0.904,0.319,-0.267,88,99,REST
1368,168366,160924,-0.904,0.319,-0.267,88,99,REST
1369,168388,160881,-0.904,0.319,-0.267,88,99,REST
1370,168416,160842,-0.904,0.319,-0.267,88,99,REST
1371,168424,160816,-0.904,0.319,-0.266,88,99,REST
1372,168294,160674,-0.905,0.318,-0.266,88,99,REST
1373,168100,160452,-0.905,0.318,-0.266,88,99,REST
1374,167891,160229,-0.904,0.319,-0.266,88,99,REST
1375,167702,160073,-0.904,0.319,-0.267,88,99,REST
1376,167553,159915,-0.904,0.319,-0.268,88,99,REST
1377,167441,159790,-0.904,0.318,-0.269,88,99,REST
1378,167344,159692,-0.904,0.317,-0.268,88,99,REST
1379,167261,159615,-0.905,0.317,-0.268,88,99,REST
1380,167167,159567,-0.905,0.317,-0.269,88,99,REST
1381,167086,159522,-0.904,0.317,-0.269,88,99,REST
1382,167027,159490,-0.904,0.317,-0.269,88,99,REST
1383,166978,159483,-0.904,0.317,-0.27,88,99,REST
1384,166928,159483,-0.904,0.316,-0.27,88,99,REST
1385,166905,159515,-0.904,0.316,-0.27,88,99,REST
1386,166901,159534,-0.904,0.317,-0.271,88,99,REST
1387,166868,159526,-0.904,0.318,-0.272,88,99,REST
1388,166862,159484,-0.904,0.318,-0.273,88,99,REST
1389,166854,159482,-0.904,0.317,-0.272,88,99,REST
1390,166757,159412,-0.904,0.317,-0.272,88,99,REST
1391,166543,159260,-0.905,0.317,-0.272,88,99,REST
1392,166276,159054,-0.904,0.316,-0.272,88,99,REST
1393,166051,158925,-0.904,0.317,-0.272,88,99,REST
1394,165817,158798,-0.903,0.318,-0.273,88,99,REST
1395,165632,158677,-0.903,0.318,-0.274,88,99,REST
1396,165500,158595,-0.903,0.317,-0.274,88,99,REST
1397,165364,158510,-0.903,0.316,-0.274,88,99,REST
1398,165217,158404,-0.903,0.317,-0.274,88,99,REST
1399,165101,158276,-0.904,0.318,-0.274,88,99,REST
1400,165009,158149,-0.904,0.317,-0.275,88,99,REST
1401,164946,158076,-0.904,0.317,-0.275,88,99,REST
1402,164923,157987,-0.904,0.316,-0.275,88,99,REST
1403,164926,157932,-0.904,0.317,-0.274,88,99,REST
1404,164951,157875,-0.903,0.316,-0.272,88,99,REST
1405,165006,157802,-0.904,0.317,-0.272,88,99,REST
1406,165073,157692,-0.904,0.317,-0.274,88,99,REST
1407,165132,157582,-0.904,0.316,-0.273,88,99,REST
1408,165082,157365,-0.905,0.315,-0.271,88,99,REST
1409,164968,157094,-0.905,0.315,-0.271,88,99,REST
1410,164863,156863,-0.905,0.315,-0.27,88,99,REST
1411,164784,156693,-0.904,0.315,-0.269,88,99,REST
1412,164716,156551,-0.904,0.314,-0.27,88,99,REST
1413,164714,156420,-0.905,0.314,-0.271,88,99,REST
1414,164741,156317,-0.905,0.314,-0.27,88,99,REST
1415,164773,156238,-0.905,0.314,-0.269,88,99,REST
1416,164780,156181,-0.905,0.314,-0.269,88,99,REST
1417,164812,156143,-0.905,0.314,-0.269,88,99,REST
1418,164843,156096,-0.905,0.313,-0.269,88,99,REST
1419,164901,156041,-0.905,0.313,-0.269,88,99,REST
1420,164970,156002,-0.905,0.314,-0.269,88,99,REST
1421,165049,155999,-0.905,0.313,-0.267,88,99,REST
1422,165114,156002,-0.905,0.313,-0.267,88,99,REST
1423,165178,155967,-0.905,0.314,-0.268,88,99,REST
1424,165253,155921,-0.905,0.314,-0.269,88,99,REST
1425,165254,155840,-0.905,0.313,-0.268,88,99,REST
1426,165121,155602,-0.906,0.314,-0.268,88,99,REST
1427,164941,155334,-0.906,0.314,-0.268,88,99,REST
1428,164743,155113,-0.906,0.312,-0.266,88,99,REST
1429,164532,154883,-0.906,0.311,-0.266,88,99,REST
1430,164370,154705,-0.905,0.312,-0.266,88,99,REST
1431,164257,154534,-0.905,0.312,-0.266,88,99,REST
1432,164177,154379,-0.906,0.312,-0.265,88,99,REST
1433,164132,154229,-0.906,0.312,-0.266,88,99,REST
1434,164086,154125,-0.906,0.312,-0.266,88,99,REST
1435,164064,154041,-0.906,0.312,-0.265,88,99,REST
1436,164060,153983,-0.906,0.312,-0.266,88,99,REST
1437,164051,153910,-0.906,0.312,-0.267,88,99,REST
1438,164042,153835,-0.905,0.312,-0.268,88,99,REST
1439,163858,153833,-0.905,0.311,-0.271,88,99,REST
1440,163748,154120,-0.905,0.309,-0.274,88,99,REST
1441,164066,154266,-0.909,0.31,-0.27,88,99,REST
1442,164499,154357,-0.916,0.312,-0.257,88,99,REST
1443,164887,154264,-0.915,0.308,-0.238,88,99,REST
1444,164917,154019,-0.917,0.304,-0.238,88,99,REST
1445,164759,153968,-0.916,0.307,-0.272,88,99,REST
1446,164548,153639,-0.908,0.311,-0.294,88,99,REST
1447,164389,153294,-0.907,0.31,-0.281,88,99,REST
1448,164346,153150,-0.909,0.31,-0.268,88,99,REST
1449,164426,153072,-0.909,0.315,-0.27,88,99,REST
1450,164512,152904,-0.907,0.316,-0.27,88,99,REST
1451,164643,152723,-0.907,0.31,-0.266,88,99,REST
1452,164757,152601,-0.908,0.304,-0.263,88,99,REST
1453,164833,152578,-0.908,0.305,-0.262,88,99,REST
1454,164844,152588,-0.907,0.307,-0.263,88,99,REST
1455,164839,152571,-0.907,0.308,-0.267,88,99,REST
1456,164906,152631,-0.907,0.308,-0.27,88,99,REST
1457,164953,152549,-0.907,0.308,-0.27,88,99,REST
1458,165045,152410,-0.908,0.306,-0.268,88,99,REST
1459,165148,152287,-0.908,0.305,-0.266,88,99,REST
1460,165224,152136,-0.908,0.305,-0.267,88,99,REST
1461,165240,151978,-0.907,0.305,-0.266,88,99,REST
1462,165148,151773,-0.907,0.307,-0.264,88,99,REST
1463,164968,151528,-0.906,0.308,-0.265,88,99,REST
1464,164753,151239,-0.905,0.308,-0.268,88,99,REST
