,Movuino,Movuino,Movuino,Movuino,PolarOH1,PolarOH1,PolarOH1,PolarOH1,PolarH10,PolarH10,PolarH10,PolarH10,Maxim,Maxim,Maxim,Maxim
,timestamp,ecg1,ecg2,ecg3,timestamp,ecg1,ecg2,ecg3,timestamp,ecg1,ecg2,ecg3,timestamp,ecg1,ecg2,ecg3
0,1598909811,1,1,1,1598909811,1,1,1,1598909811,1,1,1,1598909811,1,1,1
1,1598909811,2,2,2,1598909811,2,2,2,1598909811,2,2,2,1598909811,2,2,2
2,1598909811,3,3,3,1598909811,3,3,3,1598909811,3,3,3,1598909811,3,3,3
3,1598909811,4,4,4,1598909811,4,4,4,1598909811,4,4,4,1598909811,4,4,4
4,1598909811,5,5,5,1598909811,5,5,5,1598909811,5,5,5,1598909811,5,5,5
5,1598909811,6,6,6,1598909811,6,6,6,1598909811,6,6,6,1598909811,6,6,6
6,1598909811,7,7,7,1598909811,7,7,7,1598909811,7,7,7,1598909811,7,7,7
7,1598909811,8,8,8,1598909811,8,8,8,1598909811,8,8,8,1598909811,8,8,8
8,1598909811,9,9,9,1598909811,9,9,9,1598909811,9,9,9,1598909811,9,9,9
9,1598909811,10,10,10,1598909811,10,10,10,1598909811,10,10,10,1598909811,10,10,10
